Alimento,Cantidad_sugerida,Unidad,Peso_bruto,Peso_neto,Energia,Proteina,Lipidos,Carbohidratos,Fibra,Vitamina_A,Acido_Ascorbico,Acido_Folico,Hierro,Potasio,Calcio,Selenio,Fosforo,Sodio,Colesterol,AG_saturados,AG_monoinsaturados,AG_poliinsaturados,Azucar,IG,CG,Grupo
Fresa rebanada,1,taza,166,166,53,1.1,0.5,12.7,3.3,44.8,97.6,39.8,0.7,254,0,0,0,0,0,0,0,0,8.1,40,5.08,Frutas
Mango picado,1,taza,165,165,58,1.3,0,14.9,1.8,226.1,46.2,0,0.2,257.4,0,0,0,0,0,0,0,0,0,51,7.599,Frutas
Sandía picada,1,taza,160,160,48,1,0.2,12.1,0.6,59,15,4,0.3,186,0,0,0,0,0,0,0,0,9.9,72,8.712,Frutas
Apio crudo,1 1/2,taza,152,135,22,0.9,0.2,4,2.5,29.7,4.2,48.5,0.3,350.6,0,0,0,0,0,0,0,0,0,15,0.6,Verduras
Papaya picada,1,taza,140,140,55,0.8,0.1,13.7,2.5,29.4,86.5,53.2,0.1,359.8,0,0,0,0,0,0,0,0,0,59,8.083,Frutas
Frijoles enteros enlatados, 1/2,taza,128,128,108,6.7,0.8,18.6,6.8,0,0,0,1.5,303.4,0,1.2,115.2,378.9,0,0,0,0,2.4,45,8.37,Leguminosas
Piña picada, 3/4,taza,124,124,62,0.7,0.1,16.2,1.7,2.4,19.2,12.8,0.5,139.7,0,0,0,0,0,0,0,0,12.2,59,9.558,Frutas
Jugo de naranja natural, 1/2,taza,120,120,54,0.8,0.2,12.5,0.2,24.2,60,36.3,0.2,240,0,0,0,0,0,0,0,0,10.1,46,5.75,Frutas
Jugo de toronja natural, 1/2,taza,120,120,47,0.6,0.1,11,0.1,1,45.7,12.1,0.2,194.3,0,0,0,0,0,0,0,0,10.1,48,5.28,Frutas
Acelga cruda,2,taza,120,98,22,2.2,0.1,4.3,3.6,310.9,29.5,14.8,2.5,749.8,0,0,0,0,0,0,0,0,0,64,2.752,Verduras
Apio cocido, 3/4,taza,113,113,20,0.9,0.2,4.5,1.8,29.3,6.9,24.8,0.5,319.5,0,0,0,0,0,0,0,0,0,15,0.675,Verduras
Calabaza de Castilla cocida, 1/2,taza,110,110,22,0.8,0.1,5.4,1.2,275,5.2,9.9,0.6,253,0,0,0,0,0,0,0,0,0,75,4.05,Verduras
Puré de papa, 1/2,taza,105,105,119,2,4.4,17.5,1.6,0,0,8.4,0.3,0,25.2,0,0,332.9,0,0,0,0,1.5,74,12.95,Cereales con grasa
Puré de papa preparado,1 1/2,taza,105,105,119,1.6,4.4,17.5,1.6,0,0,8.4,0.3,0,25.2,0,0,332.9,0,0,0,0,1.5,85,14.875,Cereales con grasa
Champiñón crudo rebanado,1 1/2,taza,105,105,23,3.2,0.4,3.4,1.1,0,2.2,16.8,0.5,333.9,0,0,0,0,0,0,0,0,0,15,0.51,Verduras
Lenteja cocida, 1/2,taza,99,99,115,9,0.4,20,7.8,0,0,0,3.3,365.5,0,2.8,178,2,0,0,0,0,1.8,26,5.2,Leguminosas
Berenjena picada cocida,1,taza,99,99,35,0.8,0.2,8.6,2.5,2,1.3,13.9,0.4,245.4,0,0,0,0,0,0,0,0,0,20,1.72,Verduras
Alverjón o chícharo seco cocido, 1/2,taza,98,98,116,8.2,0.4,20.7,0,0,0,0,1.3,354.8,0,0.6,97,2,0,0,0,0,2.8,22,4.554,Leguminosas
Champiñón crudo entero,1,taza,96,93,20,2.9,0.3,3.1,0.9,0,2,14.9,0.5,296.1,0,0,0,0,0,0,0,0,0,15,0.465,Verduras
Brócoli cocido, 1/2,taza,92,92,26,2.7,0.4,4.6,2.7,127.4,68.4,46,0.8,268.9,0,0,0,0,0,0,0,0,0,45,2.07,Verduras
Uva blanca,1,taza,92,87,59,0.6,0.3,15,0.8,8.6,3.8,3.8,0.3,167.2,0,0,0,0,0,0,0,0,14.3,43,6.45,Frutas
Alubia cocida, 1/2,taza,90,90,124,8.7,0.3,22.5,5.6,0,0,0,3.3,502.1,0,1.2,101.1,5.4,0,0,0,0,0.3,28,6.3,Leguminosas
Brócoli crudo,1,taza,88,71,19,2.1,0.3,3.7,2.1,110.2,66.4,50.2,0.6,213.7,0,0,0,0,0,0,0,0,0,15,0.555,Verduras
Frijol promedio cocido, 1/2,taza,86,86,114,7.6,0.5,20.4,7.5,0,0,0,1.8,305.3,0,1,120.4,1,0,0,0,0,0.3,43,8.772,Leguminosas
Alubia enlatada guisada, 1/3,taza,86,86,99,6.3,0.3,18.3,4.2,0,0,0,2.6,392.5,0,1.4,78.7,299.9,0,0,0,0,3,52,9.516,Leguminosas
Ibes o habas de lima cocido, 1/2,taza,85,85,105,5.8,0.3,20.1,4.5,0,0,0,2.1,484.5,0,1.7,110.5,14.5,0,0,0,0,1.4,32,6.432,Leguminosas
Garbanzo cocido, 1/2,taza,82,82,135,7.3,2.1,22.5,6.3,0,0,0,2.4,238.5,0,3,138,5.5,0,0,0,0,4,31,6.975,Leguminosas
Elote enlatado, 1/2,taza,82,82,66,2.1,0.8,15.2,1.6,0,0,40,0.7,0,4,0,0,175,0,0,0,0,2.3,46,6.992,Cereales sin grasa
Jugo de frutas, 1/3,taza,80,80,40,0,0,10,0,0,0,0,0,0,0,0,0,53.3,0,0,0,0,10,50,5,Azúcares sin grasa
Jugo de citricos preparado con agua, 1/3,taza,80,80,37,0.2,0,9.2,0,0,0,0,0,0,0,0,0,3.2,0,0,0,0,6.5,50,5,Azúcares sin grasa
Arúgula cruda,4,taza,80,80,20,2.1,0.5,2.9,3.5,95.2,12,77.6,1.2,295.2,0,0,0,0,0,0,0,0,0,15,0.435,Verduras
Chayote cocido picado, 1/2,taza,80,80,19,0.5,0.4,4.1,2.2,1.6,6.4,14.4,0.2,138.4,0,0,0,0,0,0,0,0,0,50,2.05,Verduras
Champiñón cocido entero, 1/2,taza,78,78,20,2.8,0.3,3.2,1.4,0,0,15.6,0.2,308.9,0,0,0,0,0,0,0,0,0,15,0.48,Verduras
Avena instantanea preparada, 1/3,taza,77,77,68,4.8,2,18.2,4.3,0,0,54.8,4.6,0,61.8,0,0,37.8,0,0,0,0,0.4,65,11.83,Cereales sin grasa
Chícharo crudo con vaina, 1/2,taza,73,28,22,1.5,0.1,4,1.4,10.5,11,17.9,0.4,67.2,0,0,0,0,0,0,0,0,0,48,1.92,Verduras
Acelga picada cocida, 1/2,taza,72,72,19,1.9,0.1,3.9,2.1,275.8,17.9,10.1,1.4,645.5,0,0,0,0,0,0,0,0,0,64,2.496,Verduras
Champiñón cocido rebanado, 1/2,taza,70,70,18,2.5,0.2,2.8,1.3,0,0,14,0.2,277.2,0,0,0,0,0,0,0,0,0,15,0.42,Verduras
Berro crudo,2,taza,68,56,34,1.3,0.1,0.7,0.3,46.3,6.7,35.7,1.2,100.4,0,0,0,0,0,0,0,0,0,15,0.105,Verduras
Zanahoria picada cruda, 1/2,taza,64,64,26,0.6,0.2,4.3,1.8,534.4,3.8,12.2,0.2,204.8,0,0,0,0,0,0,0,0,0,47,2.021,Verduras
Néctar de fruta, 1/4,taza,63,63,38,0.1,0,9.9,0,0,0,0,0,0,0,0,0,2.5,0,0,0,0,9.5,54,5,Azúcares sin grasa
Flan casero, 1/5,taza,61,61,89,2.8,2.5,13.9,0,0,0,0,0,0,0,0,0,32.4,0,0,0,0,14.2,65,9,Azúcares con grasa
Cebolla blanca rebanada, 1/2,taza,58,58,23,0.6,0.1,5.4,1,0,4.3,10.9,0.1,84,0,0,0,0,0,0,0,0,0,15,0.81,Verduras
Soya cocida, 1/3,taza,57,57,98,9.4,5.1,5.6,3.4,0,0,0,2.9,292.3,0,4.1,139.1,0.6,0,0,0,0,1.7,18,1.008,Leguminosas
Queso cottage 1% grasa, 1/4,taza,57,57,41,7,0.6,1.5,0,6.3,0,0,0.1,0,34.5,5.1,0,229.5,2.5,0,0,0,0,0,0,AOAMBG
Queso cottage bajo en grasa, 1/4,taza,57,57,41,7,0.6,1.5,0,6.3,0,0,0.1,0,34.5,5.1,0,229.5,2.5,0,0,0,0,0,0,AOAMBG
Arroz salvaje cocido, 1/3,taza,54,54,55,2.1,0.2,11.6,1,0,0,14.1,0.3,0,1.7,0,0,1.7,0,0,0,0,0.4,54,6.264,Cereales sin grasa
Rambután en almibar, 1/4,taza,54,54,44,0.4,0.1,11.2,0.5,0,2.5,4.3,0.2,22.5,0,0,0,0,0,0,0,0,0,33,3.696,Frutas
Cebolla cocida, 1/4,taza,53,53,23,0.7,0.1,5.3,0.7,0,2.7,7.9,0.1,87,0,0,0,0,0,0,0,0,0,15,0.795,Verduras
Chícharo en vaina cocido, 1/3,taza,53,53,21,1.7,0.1,3.4,1.5,27.7,25.5,15.5,1.1,128,0,0,0,0,0,0,0,0,0,48,1.632,Verduras
Arroz precocido cocido, 1/3,taza,52,52,64,1.5,0.2,13.6,0.5,0,0,1.6,0.1,0,9.9,0,0,1,0,0,0,0,0.1,48,6.528,Cereales sin grasa
Mousse de chocolate sin grasa, 1/4,taza,50,50,47,1,0.2,10.4,0,0,0,0,0,0,0,0,0,55,0,0,0,0,7.9,31,3,Azúcares sin grasa
Mejillones sin concha crudos, 1/3,taza,50,50,43,5.9,1.1,1.8,0,23.8,0,0,2,0,12.9,22.2,0,141.6,13.9,0,0,0,0,0,0,AOAMBG
Zanahoria rallada cruda, 1/2,taza,50,50,23,0.5,0.1,4.1,1.5,459.3,3.2,10.5,0.2,176,0,0,0,0,0,0,0,0,0,47,1.927,Verduras
Espagueti cocido, 1/3,taza,47,47,57,2.5,0.2,12.3,2.1,0,0,2.3,0.5,0,7,0,0,1.4,0,0,0,0,0.4,44,5.412,Cereales sin grasa
Jaiba cocida desmenuzada, 1/3,taza,47,47,39,8.1,0.6,0,0,303.8,0,0,0.4,0,20.1,6.5,0,19.1,36.4,0,0,0,0,0,0,AOAMBG
Pulpa de jaiba, 1/3,taza,46,46,38,8,0.6,0,0,300.8,0,0,0.4,0,19.9,6.5,0,18.9,36,0,0,0,0,0,0,AOAMBG
Chícharo cocido sin vaina, 1/4,taza,40,40,34,2.1,0.1,6.1,2.2,16,5.7,25.2,0.6,108.4,0,0,0,0,0,0,0,0,0,48,2.928,Verduras
Pollo deshebrado, 1/4,taza,38,38,43,8.7,0.6,0,0,3,0,0,0.3,0,4.5,2.1,0,25.5,21.8,0,0,0,0,0,0,AOAMBG
Anillos de calamar, 1/4,taza,38,38,34,5.9,0.5,1.2,0,3.8,0,0,0.3,0,11.9,16.8,0,16.3,87.4,0,0,0,0,0,0,AOAMBG
Betabel crudo rallado, 1/4,taza,38,38,18,0.8,0.1,4.1,0.3,0.8,7.5,34.9,0.6,125.6,0,0,0,0,0,0,0,0,0,70,2.87,Verduras
Cangrejo enlatado, 1/4,taza,34,34,33,6.9,0.4,0,0,0.8,0,0,0.3,0,34.1,10.7,0,112.4,30.2,0,0,0,0,0,0,AOAMBG
Camarón enlatado, 1/4,taza,32,32,32,6.5,0.4,0,0,0,0,0,0.7,0,46.4,15.2,0,248.6,80.6,0,0,0,0,0,0,AOAMBG
Cereal de salvado de trigo, 1/3,taza,21,21,54,2.6,0.7,15.3,6.7,0,0,66.7,3,0,66.7,0,0,189.3,0,0,0,0,4,42,6.426,Cereales sin grasa
Cereal integral con pasitas, 1/3,taza,20,20,66,2,0.5,15.7,2.7,0,0,33.3,1.5,0,11.7,0,0,130,0,0,0,0,6,42,6.594,Cereales sin grasa
Avena en hojuelas, 1/2,taza,20,20,65,4.6,1.9,17.6,4.1,0,0,0,0.8,0,10.4,0,0,0.8,0,0,0,0,0.2,65,11.44,Cereales sin grasa
Hojuelas de maíz, 3/4,taza,19,19,51,1.1,0,11.4,0.3,0,0,109.3,5.4,0,1.3,0,0,136.7,0,0,0,0,1.8,81,9.234,Cereales sin grasa
Cereal de arroz inflado con chocolate, 1/2,taza,16,16,62,1.1,0.6,13.8,1.2,0,0,3,0.2,0,4.5,0,0,1.9,0,0,0,0,1.5,82,11.316,Cereales sin grasa
Burbujas de maíz azucaradas, 1/2,taza,16,16,59,0.7,0.1,14,0.2,0,0,50,0.9,0,2,0,0,59.5,0,0,0,0,7,80,11.2,Cereales sin grasa
Cereal de trigo sabor frutas, 1/2,taza,15,15,60,0.5,0.8,13,0,0,0,50,2.1,0,10,0,0,100,0,0,0,0,6.5,69,8.97,Cereales sin grasa
Nuez acaramelada, 3/4,taza,12,12,64,1.7,5.6,3,0,0,0,0,0,0,0,0,0,38.6,0,1.3,3,1.3,0,0,0,Aceites y grasas con proteína
Nuez garapiñada, 3/4,taza,12,12,64,1.7,5.6,3,0,0,0,0,0,0,0,0,0,38.6,0,1.3,3,1.3,0,0,0,Aceites y grasas con proteína
Avena con canela y espacias, 1/3,sobre,15,15,56,1.3,0.7,11.7,1,0,0,29,1.3,0,36.3,0,0,81.2,0,0,0,0,5.1,65,7.605,Cereales sin grasa
Avena con manzana y canela, 1/3,sobre,14,14,53,1.2,0.7,10.9,0.9,0,0,27.1,1.2,0,33.9,0,0,75.9,0,0,0,0,4.8,65,7.085,Cereales sin grasa
Avena con pasitas y especias, 1/3,sobre,14,14,53,1.2,0.7,10.9,0.9,0,0,27.1,1.2,0,33.9,0,0,75.9,0,0,0,0,4.8,65,7.085,Cereales sin grasa
Tocino,1,rebanada delgada,8,8,44,0.7,4.6,0,0,0,0,0,0,0,0,0,0,54.8,5.4,1.7,2,0.5,0,0,0,Aceites y grasas
Tocino ahumado,1,rebanada delgada,8,8,44,0.7,4.6,0,0,0,0,0,0,0,0,0,0,54.8,5.4,1.7,2,0.5,0,0,0,Aceites y grasas
Sandía rebanada,1,rebanada,200,200,60,1.3,0.3,15.1,0.8,73.8,18.8,5,0.3,232.5,0,0,0,0,0,0,0,0,12.4,72,10.872,Frutas
Piña rebanada,1,rebanada,84,84,42,0.5,0.1,11,1.2,1.6,13,8.7,0.3,94.8,0,0,0,0,0,0,0,0,8.3,59,6.49,Frutas
Lomo canadiense,3,rebanada,45,45,45,8,1.4,0.1,0,0,0,0,0.5,0,3.9,12.8,0,604.6,23.5,0,0,0,0,0,0,AOAMBG
Salami de pavo,6,rebanada,42,42,72,8.1,3.9,0.7,0,0.8,0,0,0.5,0,16.8,11.1,0,421.7,31.9,0,0,0,0,0,0,AOAMG
Pastrami de pavo,2,rebanada,42,42,59,7.7,2.6,0.7,0,0,0,0,0.7,0,3.7,6.8,0,439.2,22.8,0,0,0,0,0,0,AOABG
Jamón de pierna,2,rebanada,42,42,56,8.1,2.1,0.5,0,0,0,0,0.3,0,3,12.3,0,600,19.5,0,0,0,0,0,0,AOABG
Jamón bajo en grasa,2,rebanada,42,42,56,8.1,2.1,0.5,0,0,0,0,0.3,0,3,7.3,0,600,19.5,0,0,0,0,0,0,AOABG
Jamón de pavo,2,rebanada,42,42,54,8,2.1,0.1,0,0,0,0,1.2,0,4.4,7.3,0,418.5,23.6,0,0,0,0,0,0,AOABG
Pechuga de pollo sin piel horneada rebanada,2,rebanada,42,42,41,8.2,0.3,1.6,0,0,0,0,0.5,0,3.7,11,0,479.7,21.5,0,0,0,0,0,0,AOAMBG
Pechuga de pollo ahumada,2,rebanada,42,42,33,6.9,0.1,1.1,0,0,0,0,0.1,0,1,10.9,0,452,15,0,0,0,0,0,0,AOAMBG
Pechuga de pavo ahumada baja en grasa,2,rebanada,42,42,33,6.3,0.2,1.5,0,0,0,0,0.3,0,4,12.2,0,459.6,12.9,0,0,0,0,0,0,AOAMBG
Pechuga de pavo ahumada,1 1/2,rebanada,34,34,32,6.7,0.3,0.5,0,0,0,0,0.5,0,5.3,9.8,0,402.8,15,0,0,0,0,0,0,AOAMBG
Roast beef,2 1/2,rebanada,33,33,36,6.6,0.9,0.5,0,0,0,0,0.6,0,1.9,6.4,0,328.8,15.6,0,0,0,0,0,0,AOAMBG
Pechuga de pavo,1 1/2,rebanada,32,32,35,7.1,0.5,0,0,0,0,0,0.1,0,1.5,9.7,0,451.5,13.5,0,0,0,0,0,0,AOAMBG
Pastel de frutas,1,rebanada,28,28,109,1.3,3.1,20.8,1.3,0,0,0.7,0.6,0,9.1,0,0,75.5,0,0,0,0,12,47,9.776,Cereales con grasa
Queso Monterrey bajo en grasa,1,rebanada,28,28,88,7.9,6,0.2,0,40,0,0,0.2,0,197,0,0,158,18,0,0,0,0,0,0,AOAMG
Queso Muenster bajo en grasa,1,rebanada,28,28,77,6.9,4.9,14.1,0,49,0,0,0.1,0,148,0,0,168,18,0,0,0,0,0,0,AOAMG
Queso Mozzarella reducido en grasa,1,rebanada,28,28,71,6.8,4.5,0.8,0,35.6,0,0,0.1,0,219,0,0,173.3,17.9,0,0,0,0,0,0,AOAMG
Queso suizo muy bajo en grasa,1,rebanada,28,28,50,8,1.4,1,0,11,0,0,0.1,0,26.9,0,0,73,10,0,0,0,0,0,0,AOAMBG
Queso Mozzarella cero grasa,1,rebanada,28,28,39,8.9,0,1,0,36,0,0,0.1,0,26.9,0,0,208,5,0,0,0,0,0,0,AOAMBG
Tocino vegetariano,2,rebanada,20,20,63,2.3,6,1.3,0,0,0,0,0,0,0,0,0,292.5,0,1,1.5,3,0,0,0,Aceites y grasas con proteína
Pepperoni,4,rebanada,15,15,72,2.8,6.7,0.1,0,0,0,0,0,0,0,0,0,274,12.5,2.6,3.3,0.6,0,0,0,Aceites y grasas con proteína
Tocino imitación,1,rebanada,10,10,41,1,3.9,0.1,0,0,0,0,0,0,0,0,0,96.7,6.7,0,0,0,0,0,0,Aceites y grasas
Tocino frito,1,rebanada,7,7,39,0.6,4,0,0,0,0,0,0,0,0,0,0,48,5.7,0,0,0,0,0,0,Aceites y grasas
Caramelo salvavidas,2,pieza pequeña,12,12,47,0,0,11.8,0,0,0,0,0,0,0,0,0,0,0,0,0,0,10,70,8,Azúcares sin grasa
Fresa entera,17,pieza med,204,204,65,1.4,0.6,15.7,4.1,55.1,120,49,0.8,312.1,0,0,0,0,0,0,0,0,10,40,6.28,Frutas
Cuernito, 1/2,pieza med,29,29,115,3.2,6,13,0.7,0,0,37.1,0.6,0,10.5,0,0,133.1,0,0,0,0,3.2,67,8.71,Cereales con grasa
Cuerno, 1/2,pieza med,29,29,98,1,4.8,11.6,0,0,0,37.1,0.6,0,10.5,0,0,133.1,0,0,0,0,3.2,67,7.772,Cereales con grasa
Mango criollo,1 1/2,pieza,300,162,57,1.3,0,14.6,1.8,388.8,129.6,0,2.1,306.2,0,0,0,0,0,0,0,0,0,51,7.446,Frutas
Melón, 1/3,pieza,271,179,61,1.5,0.3,14.6,1.6,225.6,64.5,30.4,0.4,553.4,0,0,0,0,0,0,0,0,14.1,65,9.49,Frutas
Toronja,1,pieza,246,162,54,0.9,0.2,13.7,1.8,4.9,86.1,16.2,0.2,225.7,0,0,0,0,0,0,0,0,11.9,25,3.425,Frutas
Naranja,2,pieza,242,152,72,1.4,0.2,18,3.7,18.3,80.8,45.7,0.2,276,0,0,0,0,0,0,0,0,14.3,42,7.56,Frutas
Elote blanco cocido,1 1/2,pieza,215,82,70,2.6,1,15.5,2.2,0,0,37.5,0.4,0,1.6,0,0,12.2,0,0,0,0,2.6,59,9.145,Cereales sin grasa
Mango manila,1,pieza,207,145,62,1.2,0,16.1,1.6,486.9,110.1,0,1.2,273.9,0,0,0,0,0,0,0,0,0,51,8.211,Frutas
Mango petacón, 1/2,pieza,200,110,72,0.6,0.3,12.9,1.2,150.7,30.8,0,0.1,171.6,0,0,0,0,0,0,0,0,0,51,6.579,Frutas
Ciruela criolla,3,pieza,198,158,73,1.1,0.4,18.1,2.2,50.4,14.4,2.4,0.2,273.6,0,0,0,0,0,0,0,0,0,39,7.059,Frutas
Lichis,12,pieza,180,90,59,0.7,0.3,14.9,1.2,0,0,0,0,0,0,0,0,0,0,0,0,0,13.7,79,11.771,Frutas
Durazno amarillo,2,pieza,174,153,60,1.4,0.2,14.6,2.3,82.7,10.6,5.3,0.2,301,0,0,0,0,0,0,0,0,12.8,42,6.132,Frutas
Elote amarillo cocido,1 1/2,pieza,174,66,71,2.2,0.8,16.6,1.9,0,0,30.4,0.3,0,1.6,0,0,0,0,0,0,0,2.7,53,8.798,Cereales sin grasa
Durazno prisco,3,pieza,150,132,51,1.2,0.1,12.5,2,46.2,13.2,0,0.4,266.6,0,0,0,0,0,0,0,0,11.1,42,5.25,Frutas
Chabacano,4,pieza,140,126,61,1.8,0.5,14,2.5,329.3,13.1,10.7,0.7,373.2,0,0,0,0,0,0,0,0,11.6,57,7.98,Frutas
Manzana,1,pieza,138,106,55,0.3,0.2,14.7,2.6,5.4,6.2,3.1,0.2,122.4,0,0,0,0,0,0,0,0,11,38,5.586,Frutas
Cereza,20,pieza,136,88,56,0.9,0.2,14.7,2.1,18.2,6.5,3.9,0.4,197.6,0,0,0,0,0,0,0,0,11.3,22,3.234,Frutas
Kiwi,1 1/2,pieza,132,114,69,1.2,0.6,16.6,3.4,20.9,110.5,43.3,0.5,376.4,0,0,0,0,0,0,0,0,10.2,53,8.798,Frutas
Ostión cultivado,9,pieza,126,126,75,6.6,2,6.9,0,10.5,0,0,7.3,0,55.5,80.3,0,225,31.5,0,0,0,0,0,0,AOABG
Uva,18,pieza,126,86,61,0.6,0.5,15.3,1.1,1.7,9.4,3.4,0.2,158.5,0,0,0,0,0,0,0,0,0,43,6.579,Frutas
Alcachofa mediana cocida,1,pieza,120,48,25,1.4,0.2,5.7,4.1,0.5,3.6,42.7,0.3,137.3,0,0,0,0,0,0,0,0,0,20,1.14,Verduras
Calabacita alargada cruda,1,pieza,111,91,21,1.6,0.1,3.4,1.4,12.3,11.8,23.7,0.5,183.9,0,0,0,0,0,0,0,0,0,15,0.51,Verduras
Chayote crudo, 1/2,pieza,102,100,19,0.8,0.1,4.5,1.7,0,7.7,93.5,0.3,125.6,0,0,0,0,0,0,0,0,0,50,2.25,Verduras
Aguacate florida, 1/3,pieza,101,54,60,0.8,4.8,4.8,0,0,0,0,0,0,0,0,0,2.6,0,0.9,2.6,0.8,0,0,0,Aceites y grasas
Calabacita redonda cruda,1,pieza,100,79,18,1.4,0.1,2.9,1.2,10.7,10.3,20.5,0.4,159.6,0,0,0,0,0,0,0,0,0,15,0.435,Verduras
Pera, 1/2,pieza,95,81,47,0.3,0.1,12.5,2.5,1.5,3.4,5.8,0.2,101.2,0,0,0,0,0,0,0,0,7.9,38,4.75,Frutas
Mango ataulfo, 1/2,pieza,95,62,40,0.3,0.2,10.5,1.1,84.6,17.3,0,0.1,96.3,0,0,0,0,0,0,0,0,0,51,5.355,Frutas
Ostión cultivado cocido,9,pieza,88,88,70,6.1,1.9,6.4,0,16.4,0,0,6.8,0,49.3,68.4,0,143.5,32.9,0,0,0,0,0,0,AOABG
Chicozapote, 1/2,pieza,85,75,62,0.3,0.8,14.9,4,4.4,11,10.6,0.6,144.3,0,0,0,0,0,0,0,0,0,40,5.96,Frutas
Bebida láctea fermentada,1,pieza,80,80,50,0.9,0.2,11.7,0,0,0,0,0,0,0,0,0,0,0,0,0,0,11.4,46,5,Azúcares sin grasa
Plátano, 1/2,pieza,80,54,50,0.6,0.2,12.4,1.4,4.3,4.8,10.5,0.2,215.2,0,0,0,0,0,0,0,0,6.7,52,6.448,Frutas
Pan al horno con cascara, 1/2,pieza,78,78,73,1.5,0.1,16.8,0.1,0,0,7,0.3,0,3.9,0,0,3.9,0,0,0,0,1.3,60,10.08,Cereales sin grasa
Cebollita de cambray sin raiz,3,pieza,75,72,23,1.3,0.1,5.3,1.9,36,13.5,46.1,1.1,198.7,0,0,0,0,0,0,0,0,0,15,0.795,Verduras
Papa cocida, 1/2,pieza,68,68,73,1.5,0.1,17.1,1.5,0,0,7.1,0.2,0,3.5,0,0,2.5,0,0,0,0,0.6,54,9.234,Cereales sin grasa
Papa hervida con piel, 1/2,pieza,68,68,59,1.3,0.1,13.7,1.2,0,0,7.1,0.2,0,3.5,0,0,2.5,0,0,0,0,0.6,65,8.905,Cereales sin grasa
Aguacate de pellejo,1 1/2,pieza,68,36,44,0.5,4.5,2,0,0,0,0,0,0,0,0,0,1.4,0,0.7,1.8,0.4,0,0,0,Aceites y grasas
Pierna de pollo con piel cocida, 1/3,pieza,63,36,79,8.7,4.6,0,0,12.9,0,0,0.5,0,4,8.5,0,26.2,30.2,0,0,0,0,0,0,AOAMG
Salchicha de pavo,1,pieza,61,61,120,14.6,6.4,1,0,6.7,0,0,0.9,0,13.5,0,0,407.3,56.4,0,0,0,0,0,0,AOAMG
Pierna y muslo de pollo con piel, 1/5,pieza,61,40,74,7.2,4.8,0,0,14.3,0,0,0.4,0,4,5,0,31.3,32.9,0,0,0,0,0,0,AOAMG
Zanahoria miniatura cruda,4,pieza,60,60,21,0.4,0.1,4.9,1.7,414,1.6,16.2,0.5,142.2,0,0,0,0,0,0,0,0,0,47,2.303,Verduras
Muslo de pollo crudo sin piel, 1/2,pieza,60,45,54,8.8,1.8,0,0,9,0,0,0.5,0,4.5,6.1,0,38.7,37.4,0,0,0,0,0,0,AOABG
Almeja cruda mediana sin concha,4,pieza,58,58,43,7.4,0.6,1.5,0,52.2,0,0,8.1,0,26.6,14.1,0,32.8,19.8,0,0,0,0,0,0,AOAMBG
Almeja fresca sin concha,4,pieza,58,58,43,7.4,0.6,1.5,0,52.2,0,0,8.1,0,26.6,14.1,0,32.8,19.8,0,0,0,0,0,0,AOAMBG
Aguacate California, 1/3,pieza,58,31,54,0.7,5.3,2.1,0,0,0,0,0,0,0,0,0,3.7,0,0.8,3.4,0.6,0,0,0,Aceites y grasas
Aguacate hass, 1/3,pieza,58,31,54,0.7,5.3,2.1,0,0,0,0,0,0,0,0,0,3.7,0,0.8,3.4,0.6,0,0,0,Aceites y grasas
Aguacate mediano, 1/3,pieza,58,31,44,0.5,4.1,2.3,0,0,0,0,0,0,0,0,0,1.2,0,0.7,2.7,0.6,0,0,0,Aceites y grasas
Ciruela pasa deshuesada,7,pieza,56,56,60,0.5,0.1,15.7,1.7,140,0,0,0.4,0,0,0,0,0,0,0,0,0,14,29,4.553,Frutas
Alón de pollo sin piel,1,pieza,55,29,37,6.4,1,0,0,5.2,0,0,0.3,0,3.8,5.2,0,23.6,16.6,0,0,0,0,0,0,AOAMBG
Huevo de codorniz fresco,6,pieza,54,50,78,6.5,5.5,0.2,0,77,0,0,1.8,0,31.8,15.9,0,70,419.5,0,0,0,0,0,0,AOAMG
Huevo pochado,1,pieza,50,50,71,6.3,5,0.4,0,69.5,0,0,0.9,0,26.5,15.8,0,147,211,0,0,0,0,0,0,AOAMG
Huevo blanco cocido,1,pieza,50,44,68,5.5,4.7,0.5,0,73.9,0,0,0.5,0,22,13.6,0,54.6,186.6,0,0,0,0,0,0,AOAMG
Huevo cocido,1,pieza,50,44,68,5.5,4.7,0.5,0,73.9,0,0,0.5,0,22,13.6,0,54.6,186.6,0,0,0,0,0,0,AOAMG
Huevo entero cocido,1,pieza,50,44,68,5.5,4.7,0.5,0,73.9,0,0,0.5,0,22,13.6,0,54.6,186.6,0,0,0,0,0,0,AOAMG
Huevo rojo cocido,1,pieza,50,44,68,5.5,4.7,0.5,0,73.9,0,0,0.5,0,22,13.6,0,54.6,186.6,0,0,0,0,0,0,AOAMG
Huevo entero fresco,1,pieza,50,44,63,5.5,4.4,0.3,0,61.6,0,0,0.8,0,23.3,13.9,0,61.6,186.1,0,0,0,0,0,0,AOAMG
Huevo fresco,1,pieza,50,44,63,5.5,4.4,0.3,0,61.6,0,0,0.8,0,23.3,13.9,0,61.6,186.1,0,0,0,0,0,0,AOAMG
Camarón 16-20,2,pieza,50,40,42,8.1,0.7,0.4,0,21.6,0,0,1,0,20.7,15.2,0,59.3,60.7,0,0,0,0,0,0,AOAMBG
Camarón gigante,2,pieza,50,40,42,8.1,0.7,0.4,0,21.6,0,0,1,0,20.7,15.2,0,59.3,60.7,0,0,0,0,0,0,AOAMBG
Camarón U15,2,pieza,50,40,42,8.1,0.7,0.4,0,21.6,0,0,1,0,20.7,15.2,0,59.3,60.7,0,0,0,0,0,0,AOAMBG
Aguacate verde, 1/2,pieza,48,25,46,0.5,4.6,1.5,0,0,0,0,0,0,0,0,0,1,0,0.8,2,0.5,0,0,0,Aceites y grasas
Higago de ganso, 1/2,pieza,47,47,63,7.7,2,3,0,4375.2,0,0,14.3,0,20.2,32,0,65.8,242.1,0,0,0,0,0,0,AOABG
Chuleta de cerdo, 1/2,pieza,45,38,54,7.6,2.4,0,0,0.4,0,0,0.5,0,2.3,12.2,0,31.4,24.9,0,0,0,0,0,0,AOABG
Camarón crudo mediano,6,pieza,45,36,38,7.3,0.6,0.3,0,19.5,0,0,0.9,0,18.6,13.7,0,53.4,54.6,0,0,0,0,0,0,AOAMBG
Betabel crudo, 1/4,pieza,43,39,19,0.8,0.1,4.3,0.3,0.8,7.8,36.4,0.6,131,0,0,0,0,0,0,0,0,0,70,3.01,Verduras
Muslo de pollo con piel crudo con hueso, 1/3,pieza,43,34,72,5.9,5.2,0,0,13.9,0,0,0.3,0,3.4,4.4,0,25.8,28.5,0,0,0,0,0,0,AOAMG
Muslo de pollo con piel cocido con hueso, 1/3,pieza,43,33,76,7.6,4.8,0,0,14.3,0,0,0.4,0,3.6,7.7,0,23.1,27.4,0,0,0,0,0,0,AOAMG
Cangrejo,2,pieza,42,42,37,7.6,0.4,0,0,1,0,0,0.3,0,37.6,15.7,0,123,32.6,0,0,0,0,0,0,AOAMBG
Chuleta ahumada, 1/2,pieza,40,34,34,6.1,1,0.1,0,0,0,0,0.4,0,3,9.7,0,456.8,17.7,0,0,0,0,0,0,AOAMBG
Sardinas en tomate,1,pieza,38,38,71,7.9,4,0.3,0,12.2,0,0,0.9,0,91.2,15.4,0,157.3,23.2,0,0,0,0,0,0,AOAMG
Muffin de maíz, 1/3,pieza,37,37,115,2,3.2,19.1,1.3,0,0,12.4,1,0,27.5,0,0,194.3,0,0,0,0,2.8,49,9.359,Cereales con grasa
Pan tipo muffin de maíz, 1/3,pieza,37,37,115,2,3.2,19.1,1.3,0,0,12.4,1,0,27.5,0,0,194.3,0,0,0,0,2.8,49,9.359,Cereales con grasa
integral, 1/3,pieza,37,37,92,4,2.5,15.5,2,0,0,51.8,1.6,0,23.5,0,0,146.5,0,0,0,0,3.1,60,9.3,Cereales con grasa
Muffin integral, 1/3,pieza,37,37,92,2,2.5,15.5,2,0,0,51.8,1.6,0,23.5,0,0,146.5,0,0,0,0,3.1,60,9.3,Cereales con grasa
Sardinas en aceite,3,pieza,36,36,75,8.9,4.1,0,0,11.5,0,0,1.1,0,137.5,19,0,181.8,51.1,0,0,0,0,0,0,AOAMG
Camarón pacotilla,6,pieza,36,36,38,7.3,0.6,0.3,0,19.4,0,0,0.9,0,18.7,13.7,0,53.3,54.7,0,0,0,0,0,0,AOAMBG
Wafle con mantequilla,1,pieza,35,35,109,2.5,4,15.5,0.7,0,0,17.9,1.6,0,17.8,0,0,184.1,0,0,0,0,1,76,11.78,Cereales con grasa
Wafle,1,pieza,35,35,87,2,2.7,13.4,0.8,0,0,20,2,0,107.8,0,0,223.3,0,0,0,0,1.8,76,10.184,Cereales con grasa
Aceitunas rellenas de pimiento,7,pieza,35,35,44,0,3.5,2.6,0,0,0,0,0,0,0,0,0,306.3,0,0.9,2.6,0,0,0,0,Aceites y grasas
Camarón cocido,5,pieza,34,34,34,7.1,0.4,0,0,23.1,0,0,1.1,0,13.3,13.5,0,76.2,66.3,0,0,0,0,0,0,AOAMBG
Muffin de manzana, 2/3,pieza,33,33,113,1.3,5.3,15.3,0,0,0,13.3,0.5,0,13.3,0,0,146.7,0,0,0,0,11,44,6.732,Cereales con grasa
de manzana, 2/3,pieza,32,32,112,2,5.3,15.2,0,0,0,0,0.5,0,13.2,0,0,145.2,0,0,0,0,7.3,44,6.688,Cereales con grasa
Haba verde,4,pieza,32,32,23,1.8,0.2,3.7,1.3,5.8,10.6,30.7,0.6,80,0,0,0,0,0,0,0,0,0,55,2.035,Verduras
Wafle estilo casero,1,pieza,31,31,109,2.6,3.8,16,0.5,0,0,15.9,1.4,0,15.9,0,0,181.7,0,0,0,0,0.8,76,12.16,Cereales con grasa
Filete mignón, 1/4,pieza,30,30,36,7.2,0.8,0,0,41.7,0,0,0.5,0,2.7,5.7,0,18,14.1,0,0,0,0,0,0,AOAMBG
Filete tampiqueña, 1/4,pieza,30,30,36,7.2,0.8,0,0,41.7,0,0,0.5,0,2.7,5.7,0,18,14.1,0,0,0,0,0,0,AOAMBG
Medallón de filete, 1/4,pieza,30,30,36,7.2,0.8,0,0,41.7,0,0,0.5,0,2.7,5.7,0,18,14.1,0,0,0,0,0,0,AOAMBG
Tampiqueña, 1/4,pieza,30,30,36,7.2,0.8,0,0,41.7,0,0,0.5,0,2.7,5.7,0,18,14.1,0,0,0,0,0,0,AOAMBG
Tampiqueña de filete, 1/4,pieza,30,30,36,7.2,0.8,0,0,41.7,0,0,0.5,0,2.7,5.7,0,18,14.1,0,0,0,0,0,0,AOAMBG
Aceituna verde con hueso,6,pieza,30,25,46,0.3,5.1,0.8,0,0,0,0,0,0,0,0,0,604.8,0,0.5,3.8,0.3,0,0,0,Aceites y grasas
de plátano, 1/2,pieza,28,28,109,2,4.9,15.5,0.4,0,0,8,0.6,0,8,0,0,112,0,0,0,0,19.2,65,10.075,Cereales con grasa
Muffin de Blueberry, 1/4,pieza,28,28,104,2.2,2.4,18.1,1,0,0,20.6,0.4,0,13,0,0,95.8,0,0,0,0,9.3,59,10.679,Cereales con grasa
Tortilla de harina,1,pieza,28,28,80,1.9,1.9,13.4,0.1,0,0,0,0.3,0,19,0,0,214.8,0,0,0,0,0.1,30,4.02,Cereales con grasa
Orejas de cerdo, 1/4,pieza,28,28,66,6.3,4.3,0.2,0,0,0,0,0.7,0,5.9,1.2,0,54,23.2,0,0,0,0,0,0,AOAMG
Bagette, 1/7,pieza,27,27,72,2.2,1,13.4,0.6,0,0,9.7,0.8,0,29.2,0,0,145.8,0,0,0,0,1,95,12.73,Cereales sin grasa
Mazapán sin azúcar,1,pieza,25,25,73,4,5,3,0,0,0,0,0,0,0,0,0,0,0,0,0,0,0,0,0,Aceites y grasas con proteína
Orejones de chabacano,7,pieza,25,25,59,0.8,0.1,15.3,1.8,177.1,0.7,2.8,1.2,337.4,0,0,0,0,0,0,0,0,13.1,30,4.59,Frutas
Aceitunas rellenas de anchoa,5,pieza,25,25,46,0.6,4.5,0.8,0,0,0,0,0,0,0,0,0,600,0,0,0,0,0,0,0,Aceites y grasas
Aceituna negra sin hueso,5,pieza,25,25,46,0.3,5,0.8,0,0,0,0,0,0,0,0,0,600,0,0.5,3.8,0.3,0,0,0,Aceites y grasas
Anchoa con aceite,6,pieza,24,24,50,7,2.3,0,0,2.9,0,0,1.1,0,55.7,16.3,0,880.3,20.4,0,0,0,0,0,0,AOABG
Aceituna verde sin hueso,8,pieza,24,24,44,0.3,4.8,0.8,0,0,0,0,0,0,0,0,0,576,0,0.5,3.6,0.2,0,0,0,Aceites y grasas
Orejones de manzana,9,pieza,23,23,55,0.2,0.1,14.8,2,0,0.7,0,0.3,101.3,0,0,0,0,0,0,0,0,12.9,29,4.292,Frutas
Dona, 1/3,pieza,21,21,90,1,4.9,9.6,0.3,0,0,1.8,0.4,0,9.6,0,0,117.3,0,0,0,0,3.6,76,7.296,Cereales con grasa
Pasas,10,pieza,20,20,59,0.5,0.1,15.7,1.4,0,1,0.6,0.5,165,0,0,0,0,0,0,0,0,0,64,10.048,Frutas
Pasitas,10,pieza,20,20,59,0.5,0.1,15.7,1.4,0,1,0.6,0.5,165,0,0,0,0,0,0,0,0,0,64,10.048,Frutas
Chocolate con nugat y cacahuate, 1/3,pieza,19,19,90,1.4,4.5,11.5,0,0,0,0,0,0,0,0,0,46.7,0,0,0,0,9.6,41,5,Azúcares con grasa
Higo deshidratado,1,pieza,19,19,47,0.6,0.2,11.9,1.8,2.4,0.1,1.4,0.4,133.1,0,0,0,0,0,0,0,0,9,61,7.259,Frutas
Papas fritas,6,pieza,18,18,100,1.2,6.9,9.2,0.6,0,0,1.3,0.3,0,4.3,0,0,118.1,0,0,0,0,0.9,76,6.992,Cereales con grasa
Chocolate de leche, 2/3,pieza,17,17,88,1.3,4.9,9.8,0,0,0,0,0,0,0,0,0,13,0,0,0,0,8.4,43,4,Azúcares con grasa
Dátil seco,2,pieza,17,17,46,0.3,0,12.4,1.1,0.8,0,2,0.2,108.2,0,0,0,0,0,0,0,0,11,103,12.772,Frutas
Cacahuate confitado,4,pieza,16,16,83,2.1,5.4,8,0,0,0,0,0,0,0,0,0,6.6,0,0,0,0,6,33,3,Azúcares con grasa
Mazapan Azteca Oreo, 1/2,pieza,15,15,75,1.5,3.5,9.5,0,0,0,0,0,0,0,0,0,9,0,0.5,0,0,0,0,0,Aceites y grasas con proteína
Cacahuate con piel,15,pieza,14,14,72,3.4,6.3,2.9,0,0,0,0,0,0,0,0,0,50.6,0,1.4,2.9,1.9,0,0,0,Aceites y grasas con proteína
Chocolate amargo, 1/3,pieza,14,14,70,0.7,4.4,8,0,0,0,0,0,0,0,0,0,0.5,0,0,0,0,6.3,43,3,Azúcares con grasa
Cacahuate japonés,15,pieza,14,14,68,2.7,3.6,6.3,0,0,0,0,0,0,0,0,0,270,0,0,0,0,0,0,0,Aceites y grasas con proteína
Pistache tostado,18,pieza,13,13,74,2.6,6.2,3.2,0,0,0,0,0,0,0,0,0,0.9,0,0.8,4.2,0.9,0,0,0,Aceites y grasas con proteína
Pistache,18,pieza,13,13,73,2.6,6.3,2.5,0,0,0,0,0,0,0,0,0,86.4,0,0.8,3.1,1.9,0,0,0,Aceites y grasas con proteína
Nuez de la india tostada sin sal,8,pieza,13,13,73,1.9,5.9,4.2,0,0,0,0,0,0,0,0,0,2.3,0,1.2,3.5,1,0,0,0,Aceites y grasas con proteína
Avellana,9,pieza,13,13,72,2.5,6.5,2.3,0,0,0,0,0,0,0,0,0,0,0,0,0,0,0,0,0,Aceites y grasas con proteína
Cacahuate,14,pieza,12,12,73,2.9,6.2,2.7,0,0,0,0,0,0,0,0,0,100.6,0,0.9,3.1,1.9,0,0,0,Aceites y grasas con proteína
Almendra acaramelada,6,pieza,12,12,72,2.2,6,3.4,0,0,0,0,0,0,0,0,0,15.9,0,0.4,3.3,1.5,0,0,0,Aceites y grasas con proteína
Cacahuate salado,13,pieza,12,12,71,3.2,5.5,2.4,0,0,0,0,0,0,0,0,0,34,0,1,2.9,1.6,0,0,0,Aceites y grasas con proteína
Almendra ahumada,10,pieza,12,12,71,2.6,6.4,2.1,0,0,0,0,0,0,0,0,0,73.7,0,0,0,0,0,0,0,Aceites y grasas con proteína
Almendra deshidratada,10,pieza,12,12,71,2.4,6.3,2.4,0,0,0,0,0,0,0,0,0,1.3,0,0.6,4.1,1.3,0,0,0,Aceites y grasas con proteína
Cacahuate tostado,13,pieza,12,12,69,2.8,5.9,2.5,0,0,0,0,0,0,0,0,0,96.1,0,0.8,2.9,1.8,0,0,0,Aceites y grasas con proteína
Cacahuate enchilado,13,pieza,12,12,67,2.9,5.9,2.1,0,0,0,0,0,0,0,0,0,79.4,0,0.8,2.9,1.7,0,0,0,Aceites y grasas con proteína
Pepitas,60,pieza,12,12,66,3,5.6,2.1,0,0,0,0,0,0,0,0,0,2.1,0,1.1,1.7,2.5,0,0,0,Aceites y grasas con proteína
Almendra,10,pieza,12,12,66,2.7,6.6,0.5,0,0,0,0,0,0,0,0,0,0.5,0,0.5,4.3,1.3,0,0,0,Aceites y grasas con proteína
Paleta de caramelo,2,pieza,12,12,44,0,0,11.8,0,0,0,0,0,0,0,0,0,0,0,0,0,0,11.8,70,8,Azúcares sin grasa
Avellana tostada,8,pieza,11,11,75,1.1,7.5,2,0,0,0,0,0,0,0,0,0,0.4,0,0.6,5.9,0.7,0,0,0,Aceites y grasas con proteína
Avellana salada,8,pieza,11,11,72,1.8,7.1,1.6,0,0,0,0,0,0,0,0,0,15.6,0,0,0,0,0,0,0,Aceites y grasas con proteína
Nuez de la india con sal,7,pieza,11,11,66,1.9,5.2,2.7,0,0,0,0,0,0,0,0,0,32,0,1,3.2,1,0,0,0,Aceites y grasas con proteína
Mantequilla de cacahuate,2,pieza,11,11,63,2.6,5.3,2.3,0,0,0,0,0,0,0,0,0,52,0,1,2.5,1.5,0,0,0,Aceites y grasas con proteína
Cueritos de fruta, 1/2,pieza,11,11,39,0,0.3,9,0,0,0,0,0,0,0,0,0,33.3,0,0,0,0,5.2,99,9,Azúcares sin grasa
Nuez de macadamia deshidratada,4,pieza,10,10,73,0.9,7.7,1.4,0,0,0,0,0,0,0,0,0,0.4,0,1.1,6.1,0.1,0,0,0,Aceites y grasas con proteína
Mentas de caramelo,6,pieza,10,10,41,0,0,10.2,0,0,0,0,0,0,0,0,0,0,0,0,0,0,10.2,70,7,Azúcares sin grasa
Nuez,3,pieza,9,9,67,0.9,7,1.3,0,0,0,0,0,0,0,0,0,0.1,0,0.6,4.2,1.9,0,0,0,Aceites y grasas con proteína
Nuez de castilla,3,pieza,9,9,67,0.9,7,1.3,0,0,0,0,0,0,0,0,0,0.1,0,0.6,4.2,1.9,0,0,0,Aceites y grasas con proteína
Nuez deshidratada,3,pieza,9,9,67,0.9,7,1.3,0,0,0,0,0,0,0,0,0,0.1,0,0.6,4.2,1.9,0,0,0,Aceites y grasas con proteína
Nuez entera,3,pieza,9,9,67,0.9,7,1.3,0,0,0,0,0,0,0,0,0,0.1,0,0.6,4.2,1.9,0,0,0,Aceites y grasas con proteína
Nuez tostada,3,pieza,9,9,67,0.9,7,1.3,0,0,0,0,0,0,0,0,0,0.1,0,0.6,4.2,1.9,0,0,0,Aceites y grasas con proteína
Lunetas, 1/3,paquete (50),16,16,79,0.7,3.4,11.4,0,0,0,0,0,0,0,0,0,9.7,0,0,0,0,10.1,33,4,Azúcares con grasa
Nuez de la india sin sal en mitades,15,mitades,12,12,72,2.1,5.9,3.4,0,0,0,0,0,0,0,0,0,0,0,1.1,3.4,1.1,0,0,0,Aceites y grasas con proteína
Nuez en mitades,7,mitades,10,10,74,1,7.7,1.4,0,0,0,0,0,0,0,0,0,0.1,0,0.7,4.6,2.1,0,0,0,Aceites y grasas con proteína
Refresco, 1/4,lata,92,92,38,0,0,9.7,0,0,0,0,0,0,0,0,0,3.5,0,0,0,0,9.7,66,6,Azúcares sin grasa
Refresco de cola, 1/4,lata,92,92,38,0,0,9.7,0,0,0,0,0,0,0,0,0,3.5,0,0,0,0,9.7,58,6,Azúcares sin grasa
Atún en aceite drenado, 1/3,lata,33,33,66,9.7,2.7,0,0,7.7,0,0,0.5,0,4.3,25.3,0,118,10.3,0,0,0,0,0,0,AOABG
Atún blanco en agua (drenado), 1/3,lata,33,33,43,7.9,1,0,0,2,0,0,0.3,0,4.7,21.9,0,125.7,14.1,0,0,0,0,0,0,AOAMBG
Atún en agua drenado, 1/3,lata,33,33,39,8.5,0.3,0,0,5.7,0,0,0.5,0,3.7,26.8,0,112.7,10,0,0,0,0,0,0,AOAMBG
Atún light (drenado), 1/3,lata,33,33,39,8.5,0.3,0,0,5.7,0,0,0.5,0,3.7,26.8,0,112.7,10,0,0,0,0,0,0,AOAMBG
Retazo de carnero,500,g,500,50,56,7.1,2.8,0,0,0,0,0,1.1,0,8.5,19,0,37.5,32.5,0,0,0,0,0,0,AOABG
Cabeza de cerdo cocida,495,g,495,50,55,7,2.8,0,0,0,0,0,1,0,8.4,18.8,0,37.1,32.2,0,0,0,0,0,0,AOABG
Cabeza de cerdo,495,g,495,50,55,7,2.8,0,0,0,0,0,1,0,8.4,14.1,0,37.1,32.2,0,0,0,0,0,0,AOABG
Cabeza de pescado,400,g,400,40,40,8.2,0.5,0,0,12.2,0,0,0.1,0,12.7,5.6,0,25.4,14.6,0,0,0,0,0,0,AOAMBG
Retazo de pescado crudo,350,g,350,35,35,7.2,0.5,0,0,10.7,0,0,0.1,0,11.1,4.9,0,22.2,12.8,0,0,0,0,0,0,AOAMBG
Pomelo,260,g,260,153,58,0.9,0.2,14.7,0.3,0,93.6,18.4,0.2,331.3,0,0,0,0,0,0,0,0,0,25,3.675,Frutas
Bledos crudos,150,g,150,95,27,2.4,0.3,3.8,0.9,189.5,40.6,80.3,4.1,577.4,0,0,0,0,0,0,0,0,0,35,1.33,Verduras
Pata de cerdo cocidas,150,g,150,51,71,5.9,5.1,0,0,5.6,0,0,0.2,0,16.3,8.1,0,285.6,42.3,0,0,0,0,0,0,AOAMG
Patas de cerdo en escabeche,150,g,150,51,71,5.9,5.1,0,0,5.6,0,0,0.2,0,16.3,8.1,0,285.6,42.3,0,0,0,0,0,0,AOAMG
Patitas de cerdo curtidas sin hueso,150,g,150,51,71,5.9,5.1,0,0,5.6,0,0,0.2,0,16.3,8.1,0,285.6,42.3,0,0,0,0,0,0,AOAMG
Pescuezo de pollo sin piel,125,g,125,38,58,6.6,3.3,0,0,16.5,0,0,0.8,0,10.1,4.5,0,30.4,31.1,0,0,0,0,0,0,AOABG
Ostión enlatado,100,g,100,100,69,7.1,2.5,3.9,0,90.6,0,0,6.7,0,44.7,77.5,0,111.8,55.3,0,0,0,0,0,0,AOABG
Langosta,100,g,100,40,36,7.5,0.4,0.2,0,8.5,0,0,0.1,0,19.3,16.6,0,118.6,38,0,0,0,0,0,0,AOAMBG
Lenguado,90,g,90,45,34,7.5,0.5,0,0,4.5,0,0,0.4,0,5.4,6.3,0,35.1,20.7,0,0,0,0,0,0,AOAMBG
Fruto del pan,85,g,85,74,60,1,0.4,14.9,1.3,3,21.4,0,0.4,362.4,0,0,0,0,0,0,0,0,0,38,5.662,Frutas
Merluza,85,g,85,43,33,7.2,0.4,0,0,4.3,0,0,0.3,0,5.2,6.1,0,33.8,19.9,0,0,0,0,0,0,AOAMBG
Ostión crudo,75,g,75,75,61,7.1,1.7,3.7,0,60.9,0,0,3.8,0,6.2,57.8,0,79.4,37.5,0,0,0,0,0,0,AOABG
Carpa,75,g,75,41,51,7.2,2.3,0,0,3.8,0,0,0.5,0,16.7,5.7,0,20,26.7,0,0,0,0,0,0,AOABG
Jaiba cocida entera,75,g,75,40,34,7,0.5,0,0,263.3,0,0,0.3,0,17.4,5.7,0,16.6,31.5,0,0,0,0,0,0,AOAMBG
Pescado blanco,75,g,75,39,52,7.4,2.3,0,0,14.2,0,0,0.1,0,10.1,5.5,0,19.7,23.4,0,0,0,0,0,0,AOABG
Pescado en trozo,75,g,75,39,35,7.3,0.5,0,0,3.9,0,0,0.1,0,6.9,12.8,0,31.6,18.7,0,0,0,0,0,0,AOAMBG
Pescado entero,75,g,75,39,35,7.3,0.5,0,0,3.9,0,0,0.1,0,6.9,12.8,0,31.6,18.7,0,0,0,0,0,0,AOAMBG
Pescado rebanado,75,g,75,39,35,7.3,0.5,0,0,3.9,0,0,0.1,0,6.9,12.8,0,31.6,18.7,0,0,0,0,0,0,AOAMBG
Robalo crudo,75,g,75,38,33,7.2,0.3,0,0,6.5,0,0,0.4,0,12.6,11.6,0,26.1,21.8,0,0,0,0,0,0,AOAMBG
Ostión en jugo,70,g,70,70,57,6.6,1.6,3.5,0,56.8,0,0,3.6,0,5.8,53.9,0,74.1,35,0,0,0,0,0,0,AOABG
Guachinango,70,g,70,36,36,7.3,0.5,0,0,10.7,0,0,0.1,0,11.3,13.6,0,22.7,13.2,0,0,0,0,0,0,AOAMBG
Trucha,70,g,70,32,54,5.9,3.2,0,0,0,0,0,0.3,0,3.9,4.1,0,22.5,15.5,0,0,0,0,0,0,AOABG
Barbacoa con hueso,65,g,65,38,51,7.2,2.3,0,0,0,0,0,0.8,0,2.6,14.3,0,28.3,24.5,0,0,0,0,0,0,AOABG
Carnero con hueso,65,g,65,38,51,7.2,2.3,0,0,0,0,0,0.8,0,2.6,14.3,0,28.3,24.5,0,0,0,0,0,0,AOABG
Pámpano,65,g,65,33,55,6.2,3.1,0,0,0,0,0,0,0,5.5,11.9,0,15.3,16.3,0,0,0,0,0,0,AOABG
Carne de pato de crianza,60,g,60,39,51,7.1,2.3,0,0,9.4,0,0,0.9,0,4.3,5.4,0,28.9,30,0,0,0,0,0,0,AOABG
Pato de crianza,60,g,60,39,51,7.1,2.3,0,0,9.4,0,0,0.9,0,4.3,5.4,0,28.9,30,0,0,0,0,0,0,AOABG
Cazón,60,g,60,32,42,6.8,1.4,0,0,22.7,0,0,0.3,0,11.1,11.8,0,25.5,16.4,0,0,0,0,0,0,AOAMBG
Bonito,60,g,60,31,51,7.3,2.2,0,0,0,0,0,0.2,0,8,4.3,0,12.2,0,0,0,0,0,0,0,AOABG
Queso ricotta semidescremado,55,g,55,55,76,6.3,4.3,2.8,0,57.8,0,0,0.2,0,149.5,9.2,0,68.8,16.9,0,0,0,0,0,0,AOAMG
Pulmón de cerdo,55,g,55,48,41,6.7,1.3,0,0,0,0,0,9,0,3.3,8.5,0,73.2,153.1,0,0,0,0,0,0,AOAMBG
Pes espada crudo,55,g,55,36,43,7.1,1.4,0,0,13,0,0,0.3,0,1.3,17.2,0,32.2,13.9,0,0,0,0,0,0,AOAMBG
Pez espada crudo rebanado,55,g,55,36,43,7.1,1.4,0,0,13,0,0,0.3,0,1.3,17.2,0,32.2,13.9,0,0,0,0,0,0,AOAMBG
Gallinita de Guinea sin piel,55,g,55,35,38,7.2,0.9,0,0,4.2,0,0,0.3,0,3.8,6.1,0,23.9,21.8,0,0,0,0,0,0,AOAMBG
Barbacoa,50,g,50,40,54,7.6,2.4,0,0,0,0,0,0.9,0,2.8,15.2,0,30,26,0,0,0,0,0,0,AOABG
Carnero,50,g,50,40,54,7.6,2.4,0,0,0,0,0,0.9,0,2.8,15.2,0,30,26,0,0,0,0,0,0,AOABG
Maciza de carnero,50,g,50,40,54,7.6,2.4,0,0,0,0,0,0.9,0,2.8,15.2,0,30,26,0,0,0,0,0,0,AOABG
Pierna de carnero,50,g,50,40,54,7.6,2.4,0,0,0,0,0,0.9,0,2.8,15.2,0,30,26,0,0,0,0,0,0,AOABG
Sierra,50,g,50,38,78,7.3,5.2,0,0,50.6,0,0,0.4,0,1.9,5.3,0,0,30,0,0,0,0,0,0,AOAMG
Pecho de res,50,g,50,37,76,6.4,5.4,0,0,6.6,0,0,0.2,0,2.6,2.4,0,25.9,25.9,0,0,0,0,0,0,AOAMG
Costillar de cerdo,50,g,50,33,69,6.5,4.6,0,0,0.7,0,0,0.2,0,1.6,10.4,0,13.7,19.5,0,0,0,0,0,0,AOAMG
Costillitas de cerdo,50,g,50,33,69,6.5,4.6,0,0,0.7,0,0,0.2,0,1.6,10.4,0,13.7,19.5,0,0,0,0,0,0,AOAMG
Pescuezo de res,50,g,50,33,50,6.7,2.4,0,0,37.7,0,0,0.6,0,1.6,6.1,0,25.4,19.8,0,0,0,0,0,0,AOABG
Corazón de borrego,45,g,45,45,55,7.4,2.5,0.2,0,0,0,0,0,0,0,21.2,0,39.5,60,0,0,0,0,0,0,AOABG
Corazón de cordero,45,g,45,45,55,7.4,2.5,0.2,0,0,0,0,0,0,0,14.4,0,39.5,60,0,0,0,0,0,0,AOABG
Calamar,45,g,45,45,41,7,0.6,1.4,0,4.5,0,0,0.3,0,14.3,20.2,0,19.6,104.8,0,0,0,0,0,0,AOAMBG
Chipirón crudo,45,g,45,45,41,7,0.6,1.4,0,4.5,0,0,0.3,0,14.3,20.2,0,19.6,104.8,0,0,0,0,0,0,AOAMBG
Filete de calamar crudo,45,g,45,45,41,7,0.6,1.4,0,4.5,0,0,0.3,0,14.3,20.2,0,19.6,104.8,0,0,0,0,0,0,AOAMBG
Bacalao fresco,45,g,45,45,37,8,0.3,0,0,5.3,0,0,0.2,0,7.4,14.9,0,24.4,19.4,0,0,0,0,0,0,AOAMBG
Pulpo crudo,45,g,45,45,37,6.7,0.5,1,0,20.1,0,0,2.4,0,23.8,20.2,0,103.5,21.7,0,0,0,0,0,0,AOAMBG
Filete de lenguado,45,g,45,45,34,7.5,0.5,0,0,4.5,0,0,0.4,0,5.4,6.3,0,35.1,20.7,0,0,0,0,0,0,AOAMBG
Filete de merluza,45,g,45,45,34,7.5,0.5,0,0,4.5,0,0,0.4,0,5.4,6.3,0,35.1,20.7,0,0,0,0,0,0,AOAMBG
Lenguado fileteado,45,g,45,45,34,7.5,0.5,0,0,4.5,0,0,0.4,0,5.4,6.3,0,35.1,20.7,0,0,0,0,0,0,AOAMBG
Merluza fileteada,45,g,45,45,34,7.5,0.5,0,0,4.5,0,0,0.4,0,5.4,6.3,0,35.1,20.7,0,0,0,0,0,0,AOAMBG
Cuete,45,g,45,43,41,7.3,1.3,1.3,0,55.6,0,0,0.8,0,3.8,12.2,0,25.7,20.1,0,0,0,0,0,0,AOAMBG
Cuete de res,45,g,45,43,41,7.3,1.3,1.3,0,55.6,0,0,0.8,0,3.8,12.2,0,25.7,20.1,0,0,0,0,0,0,AOAMBG
Pancita de res,45,g,45,43,40,6.2,1.7,0,0,9,0,0,0.9,0,25.7,5.3,0,19.7,40.6,0,0,0,0,0,0,AOAMBG
Pavo,45,g,45,36,57,7.3,2.8,0,0,0.7,0,0,0.5,0,5.3,13.1,0,23.1,26,0,0,0,0,0,0,AOABG
Pavo entero,45,g,45,36,57,7.3,2.8,0,0,0.7,0,0,0.5,0,5.3,11.7,0,23.1,26,0,0,0,0,0,0,AOABG
Guajolote,45,g,45,36,57,7.3,2.8,0,0,0.7,0,0,0.5,0,5.3,8.2,0,23.1,26,0,0,0,0,0,0,AOABG
Corazón de pavo,40,g,40,40,58,7.3,2.8,0.3,0,0,0,0,0,0,0,2,0,35.1,46.3,0,0,0,0,0,0,AOABG
Queso panela,40,g,40,40,58,6.1,2.8,2,0,28,0,0,0.1,0,273.6,4.8,0,0,0,0,0,0,0,0,0,AOABG
Queso fresco,40,g,40,40,58,6.1,2.8,2,0,28,0,0,0.1,0,273.6,3.6,0,0,0,0,0,0,0,0,0,AOABG
Queso fresco de vaca,40,g,40,40,58,6.1,2.8,2,0,28,0,0,0.1,0,273.6,3.6,0,0,0,0,0,0,0,0,0,AOABG
Carne de cerdo,40,g,40,40,56,7.9,2.5,0,0,0.4,0,0,0.5,0,2.4,13.2,0,32.8,26,0,0,0,0,0,0,AOABG
Lomo de cerdo,40,g,40,40,56,7.9,2.5,0,0,0.4,0,0,0.5,0,2.4,12.8,0,32.8,26,0,0,0,0,0,0,AOABG
Lomo de cerdo en trozos,40,g,40,40,56,7.9,2.5,0,0,0.4,0,0,0.5,0,2.4,12.8,0,32.8,26,0,0,0,0,0,0,AOABG
Carne de cerdo molida,40,g,40,40,56,7.9,2.5,0,0,0.4,0,0,0.5,0,2.4,11.4,0,32.8,26,0,0,0,0,0,0,AOABG
Falda de cerdo,40,g,40,40,56,7.9,2.5,0,0,0.4,0,0,0.5,0,2.4,11.4,0,32.8,26,0,0,0,0,0,0,AOABG
Filete de cerdo,40,g,40,40,56,7.9,2.5,0,0,0.4,0,0,0.5,0,2.4,11.4,0,32.8,26,0,0,0,0,0,0,AOABG
Filete de puerco,40,g,40,40,56,7.9,2.5,0,0,0.4,0,0,0.5,0,2.4,11.4,0,32.8,26,0,0,0,0,0,0,AOABG
Milanesa de cerdo,40,g,40,40,56,7.9,2.5,0,0,0.4,0,0,0.5,0,2.4,11.4,0,32.8,26,0,0,0,0,0,0,AOABG
Pierna de cerdo,40,g,40,40,56,7.9,2.5,0,0,0.4,0,0,0.5,0,2.4,11.4,0,32.8,26,0,0,0,0,0,0,AOABG
Pierna de puerco,40,g,40,40,56,7.9,2.5,0,0,0.4,0,0,0.5,0,2.4,11.4,0,32.8,26,0,0,0,0,0,0,AOABG
Pulpa de cerdo,40,g,40,40,56,7.9,2.5,0,0,0.4,0,0,0.5,0,2.4,11.4,0,32.8,26,0,0,0,0,0,0,AOABG
Carne molida de cerdo,40,g,40,40,56,7.9,2.5,0,0,0.4,0,0,0.5,0,2.4,9.8,0,32.8,26,0,0,0,0,0,0,AOABG
Molida de cerdo,40,g,40,40,56,7.9,2.5,0,0,0.4,0,0,0.5,0,2.4,9.8,0,32.8,26,0,0,0,0,0,0,AOABG
Higado de pavo crudo,40,g,40,40,54,7.5,1.8,1.4,0,4793.6,0,0,12.2,0,4.4,26.8,0,56,206,0,0,0,0,0,0,AOABG
Higado de ganso crudo,40,g,40,40,53,6.5,1.7,2.5,0,3723.6,0,0,12.2,0,17.2,27.2,0,56,206,0,0,0,0,0,0,AOABG
Filete de carpa,40,g,40,40,51,7.2,2.3,0,0,3.8,0,0,0.5,0,16.5,5.6,0,19.8,26.4,0,0,0,0,0,0,AOABG
Higado de pollo crudo,40,g,40,40,48,7.2,1.6,1.4,0,1452,0,0,3.4,0,4.4,25.6,0,31.6,120,0,0,0,0,0,0,AOABG
Corazón de ternera crudo,40,g,40,40,44,6.9,1.6,0,0,0,0,0,1.7,0,2,13.3,0,30.8,41.6,0,0,0,0,0,0,AOAMBG
Abulón fresco,40,g,40,40,42,6.8,0.3,2.4,0,0.9,0,0,1.3,0,12.2,17.9,0,120.5,33.9,0,0,0,0,0,0,AOAMBG
Cangrejo de Alaska cocido,40,g,40,40,41,8.1,0.7,0,0,3.8,0,0,0.3,0,23.5,16,0,428.8,40,0,0,0,0,0,0,AOAMBG
Cangrejo de Alaska,40,g,40,40,41,8.1,0.7,0,0,2.8,0,0,0.2,0,18.4,14.6,0,334.6,40,0,0,0,0,0,0,AOAMBG
Cangrejo cocido,40,g,40,40,41,8.1,0.7,0,0,0.9,0,0,0.4,0,41.4,16.1,0,111.5,40,0,0,0,0,0,0,AOAMBG
Camarón de surimi,40,g,40,40,40,5,0.6,3.7,0,8,0,0,0.2,0,7.6,9.2,0,282,14.4,0,0,0,0,0,0,AOAMBG
Surimi imitación camarón,40,g,40,40,40,4.9,0.6,3.7,0,8,0,0,0.2,0,7.5,9.2,0,282,14.6,0,0,0,0,0,0,AOAMBG
Filete de bandera crudo,40,g,40,40,36,7.5,0.5,0,0,4,0,0,0.1,0,7.1,13.1,0,32.4,19.2,0,0,0,0,0,0,AOAMBG
Filete de pescado,40,g,40,40,36,7.5,0.5,0,0,4,0,0,0.1,0,7.1,13.1,0,32.4,19.2,0,0,0,0,0,0,AOAMBG
Pescado fileteado,40,g,40,40,36,7.5,0.5,0,0,4,0,0,0.1,0,7.1,13.1,0,32.4,19.2,0,0,0,0,0,0,AOAMBG
Filete de pescado blanco del nilo,40,g,40,40,36,7.2,0.6,0.4,0,20,0,0,0.1,0,4.8,5.6,0,10,6,0,0,0,0,0,0,AOAMBG
Robalo fileteado,40,g,40,40,35,7.6,0.3,0,0,6.8,0,0,0.4,0,13.2,12.1,0,27.3,22.8,0,0,0,0,0,0,AOAMBG
Filete de robalo,40,g,40,40,35,7.6,0.3,0,0,6.6,0,0,0.4,0,13.2,5.6,0,27.3,22.6,0,0,0,0,0,0,AOAMBG
Pulpa de ternera,40,g,40,38,59,7.5,3,0,0,0,0,0,1.1,0,4.2,5.9,0,34.2,34.2,0,0,0,0,0,0,AOABG
Ternera en canal,40,g,40,38,59,7.5,3,0,0,0,0,0,1.1,0,4.2,5.9,0,34.2,34.2,0,0,0,0,0,0,AOABG
Filete de venado,40,g,40,36,45,7.6,1.4,0,0,0,0,0,1.6,0,3.6,3.2,0,32.4,40.3,0,0,0,0,0,0,AOAMBG
Lomo de venado,40,g,40,36,42,7.3,1.2,0,0,0,0,0,0.3,0,6.1,3.2,0,32.8,28.8,0,0,0,0,0,0,AOAMBG
Carnde de ganzo de crianza,40,g,40,32,52,7.4,2.3,0,0,3.9,0,0,0.8,0,4.2,5.4,0,28.2,27.2,0,0,0,0,0,0,AOABG
Ganso de crianza,40,g,40,32,52,7.4,2.3,0,0,3.9,0,0,0.8,0,4.2,5.4,0,28.2,27.2,0,0,0,0,0,0,AOABG
Conejo,40,g,40,32,51,6.5,2.6,0,0,0,0,0,0.8,0,5.8,7.6,0,13.8,20.8,0,0,0,0,0,0,AOABG
Conejo de crianza,40,g,40,32,51,6.5,2.6,0,0,0,0,0,0.8,0,5.8,7.6,0,13.8,20.8,0,0,0,0,0,0,AOABG
gallina joven cocida,40,g,40,27,59,7.6,3,0,0,5.4,0,0,0.5,0,7.1,4.9,0,17.4,21.2,0,0,0,0,0,0,AOABG
Gallina,40,g,40,27,59,7.6,3,0,0,5.4,0,0,0.5,0,7.1,3.4,0,17.4,21.2,0,0,0,0,0,0,AOABG
Pollo crudo sin piel en piezas,40,g,40,26,49,4.7,3.2,0,0,9.4,0,0,0.3,0,2.6,6.1,0,20.5,21.6,0,0,0,0,0,0,AOAMBG
Pollo crudo sin piel,40,g,40,26,48,4.6,3.1,0,0,10.5,0,0,0.2,0,2.8,6,0,17.9,21.2,0,0,0,0,0,0,AOAMBG
Corazón de res crudo,38,g,38,38,43,6.7,1.5,0.1,0,0,0,0,1.6,0,2.7,8.3,0,37.2,47.1,0,0,0,0,0,0,AOAMBG
Perca fileteada,38,g,38,38,34,7.4,0.4,0,0,3.6,0,0,0.3,0,30.4,4.8,0,23.7,34.2,0,0,0,0,0,0,AOAMBG
Pez espada crudo fileteado,38,g,38,36,44,7.1,1.4,0,0,13.2,0,0,0.3,0,1.3,17.4,0,32.5,14,0,0,0,0,0,0,AOAMBG
Sierra fileteada,35,g,35,35,73,6.8,4.9,0,0,47.3,0,0,0.4,0,1.8,4.9,0,0,28,0,0,0,0,0,0,AOAMG
Sierra picada,35,g,35,35,73,6.8,4.9,0,0,47.3,0,0,0.4,0,1.8,4.9,0,0,28,0,0,0,0,0,0,AOAMG
Chorizo de pollo,35,g,35,35,72,5,5.7,0.1,0,0,0,0,0,0,0,0,0,302.4,5.3,0,0,0,0,0,0,Aceites y grasas con proteína
Salmón en aceite,35,g,35,35,71,7.6,4.9,0,0,6.3,0,0,0.3,0,27.7,16.1,0,165.6,28,0,0,0,0,0,0,AOAMG
Calamar frito,35,g,35,35,61,6.3,2.6,2.7,0,3.7,0,0,0.4,0,13.6,15.7,0,107.1,91,0,0,0,0,0,0,AOABG
Pámpano fileteado,35,g,35,35,60,6.7,3.3,0,0,0,0,0,0,0,6,12.8,0,16.5,17.5,0,0,0,0,0,0,AOABG
Trucha fileteada,35,g,35,35,59,6.4,3.5,0,0,0,0,0,0.4,0,4.2,4.4,0,24.5,16.8,0,0,0,0,0,0,AOABG
Ostión cocido,35,g,35,35,57,6.6,1.6,3.5,0,51.1,0,0,3.2,0,5.8,53.9,0,74.1,35,0,0,0,0,0,0,AOABG
Bistec de ternera,35,g,35,35,55,6.9,2.8,0,0,0,0,0,1.1,0,3.9,5.5,0,31.5,31.5,0,0,0,0,0,0,AOABG
Carne de ternera,35,g,35,35,55,6.9,2.8,0,0,0,0,0,1.1,0,3.9,5.5,0,31.5,31.5,0,0,0,0,0,0,AOABG
Cuete de ternera,35,g,35,35,55,6.9,2.8,0,0,0,0,0,1.1,0,3.9,5.5,0,31.5,31.5,0,0,0,0,0,0,AOABG
Maciza de ternera,35,g,35,35,55,6.9,2.8,0,0,0,0,0,1.1,0,3.9,5.5,0,31.5,31.5,0,0,0,0,0,0,AOABG
Milanesa de ternera,35,g,35,35,55,6.9,2.8,0,0,0,0,0,1.1,0,3.9,5.5,0,31.5,31.5,0,0,0,0,0,0,AOABG
Ternera,35,g,35,35,55,6.9,2.8,0,0,0,0,0,1.1,0,3.9,5.5,0,31.5,31.5,0,0,0,0,0,0,AOABG
Arenque fresco crudo,35,g,35,35,55,6.3,3.2,0,0,9.8,0,0,0.4,0,20,12.8,0,31.5,21,0,0,0,0,0,0,AOABG
Pancita de puerco,35,g,35,35,55,5.8,3.4,0,0,0,0,0,0.8,0,3.5,9,0,18.2,67.6,0,0,0,0,0,0,AOABG
Pescado blanco fileteado,35,g,35,35,47,6.7,2.1,0,0,12.6,0,0,0.1,0,9.1,4.4,0,17.9,21,0,0,0,0,0,0,AOABG
Trucha fresca,35,g,35,35,42,7.2,1.2,0,0,6.6,0,0,0.2,0,23.5,4.4,0,10.7,20.6,0,0,0,0,0,0,AOAMBG
Bola de ternera,35,g,35,35,41,7.3,1.1,0,0,0,0,0,0.3,0,1.8,3.2,0,22.1,27.3,0,0,0,0,0,0,AOAMBG
Salmón ahumado,35,g,35,35,41,6.4,1.5,0,0,9.1,0,0,0.3,0,3.7,11.3,0,274.4,8.1,0,0,0,0,0,0,AOAMBG
Corazón de puerco crudo,35,g,35,35,41,6,1.5,0.5,0,2.8,0,0,1.6,0,1.8,3.6,0,19.6,45.9,0,0,0,0,0,0,AOAMBG
 Bacalao enlatado ,35,g,35,35,37,8,0.3,0,0,4.9,0,0,0.2,0,7.4,3,0,76.3,19.3,0,0,0,0,0,0,AOAMBG
"Filete de guachinango, pargo",35,g,35,35,35,7.2,0.5,0,0,10.5,0,0,0.1,0,11.1,13.4,0,22.2,13,0,0,0,0,0,0,AOAMBG
Guachinango crudo fileteado,35,g,35,35,35,7.2,0.5,0,0,10.5,0,0,0.1,0,11.1,13.4,0,22.2,13,0,0,0,0,0,0,AOAMBG
Langosta cocida,35,g,35,35,34,7.2,0.2,0.5,0,9.1,0,0,0.1,0,21.4,14.9,0,133,25.1,0,0,0,0,0,0,AOAMBG
Agujas de res,35,g,35,33,51,6.8,2.6,0,0,77.5,0,0,0.6,0,3,6.6,0,20.9,20.6,0,0,0,0,0,0,AOABG
Chambarete,35,g,35,33,42,6.8,1.6,0,0,46.2,0,0,0.6,0,3,6.6,0,20,15.6,0,0,0,0,0,0,AOAMBG
Chambarete de res,35,g,35,33,42,6.8,1.6,0,0,46.2,0,0,0.6,0,3,6.6,0,20,15.6,0,0,0,0,0,0,AOAMBG
Falda,35,g,35,33,35,7.4,0.6,0,0,46.2,0,0,0.6,0,3,6,0,20,15.6,0,0,0,0,0,0,AOAMBG
Falda abierta,35,g,35,33,35,7.4,0.6,0,0,46.2,0,0,0.6,0,3,6,0,20,15.6,0,0,0,0,0,0,AOAMBG
Falda de res,35,g,35,33,35,7.4,0.6,0,0,46.2,0,0,0.6,0,3,6,0,20,15.6,0,0,0,0,0,0,AOAMBG
Pechuga de pollo con piel,35,g,35,30,55,6,3.3,0,0,11.6,0,0,0.2,0,3.3,4.9,0,19.3,19.9,0,0,0,0,0,0,AOABG
Cazón fileteado,33,g,33,33,43,6.9,1.5,0,0,23.1,0,0,0.3,0,11.3,12,0,26,16.7,0,0,0,0,0,0,AOAMBG
Empuje,33,g,33,33,37,7.4,0.6,0,0,45.9,0,0,0.6,0,3,6.2,0,19.8,15.5,0,0,0,0,0,0,AOAMBG
Empuje de res,33,g,33,33,37,7.4,0.6,0,0,45.9,0,0,0.6,0,3,6.2,0,19.8,15.5,0,0,0,0,0,0,AOAMBG
Pescado blanco ahumado,32,g,32,32,35,7.5,0.3,0,0,18.2,0,0,0.2,0,5.6,4.3,0,326.1,10.5,0,0,0,0,0,0,AOAMBG
Carne molida extra magra salteada,30,g,30,30,77,7.5,4.9,0,0,0,0,0,0.7,0,2.1,3.8,0,21,24.3,0,0,0,0,0,0,AOAMG
Queso Mozzarella semidescremado,30,g,30,30,76,7.3,4.8,0.8,0,37.2,0,0,0.1,0,234.6,4.3,0,185.7,19.2,0,0,0,0,0,0,AOAMG
Carne deshebrada,30,g,30,30,75,7.4,4.8,0,0,0,0,0,0.7,0,2.1,5.9,0,14.7,24.6,0,0,0,0,0,0,AOAMG
Carne molida extra magra cocida,30,g,30,30,75,7.4,4.8,0,0,0,0,0,0.7,0,2.1,3.8,0,14.7,24.6,0,0,0,0,0,0,AOAMG
Chilorio,30,g,30,30,64,5,4.7,0.7,0,0,0,0,0,0,0,0,0,203.1,17.1,0.7,0,0,0,0,0,Aceites y grasas con proteína
Chilorio de pavo,30,g,30,30,64,5,4.7,0.7,0,0,0,0,0,0,0,0,0,203.1,17.1,0.7,0,0,0,0,0,Aceites y grasas con proteína
Arrachera de res cocida,30,g,30,30,56,8.4,2.2,0,0,0,0,0,0.5,0,5.4,9.6,0,17.1,14.7,0,0,0,0,0,0,AOABG
Atún blanco en aceite,30,g,30,30,56,8,2.4,0,0,1.2,0,0,0.1,0,0.8,18,0,91.2,7,0,0,0,0,0,0,AOABG
Corazón de borrego cocido,30,g,30,30,55,7.4,2.4,0.6,0,0,0,0,0,0,0,14.1,0,18.7,74.2,0,0,0,0,0,0,AOABG
Corazón de cordero cocido,30,g,30,30,55,7.4,2.4,0.6,0,0,0,0,0,0,0,14.1,0,18.7,74.2,0,0,0,0,0,0,AOABG
Salmón cocido,30,g,30,30,55,6,3.2,0,0,4.6,0,0,0.1,0,3.5,17.2,0,17.6,17.6,0,0,0,0,0,0,AOABG
Salmón freco,30,g,30,30,55,6,3.2,0,0,4.6,0,0,0.1,0,3.5,13.8,0,17.6,17.6,0,0,0,0,0,0,AOABG
Filete de salmón,30,g,30,30,55,6,3.2,0,0,4.6,0,0,0.1,0,3.5,13.4,0,17.6,17.6,0,0,0,0,0,0,AOABG
Salmón,30,g,30,30,55,6,3.2,0,0,4.6,0,0,0.1,0,3.5,11,0,17.6,17.6,0,0,0,0,0,0,AOABG
Carne de res,30,g,30,30,54,6.2,3,0,0,1.8,0,0,0.9,0,3.6,5.9,0,19.5,19.5,0,0,0,0,0,0,AOABG
Molida de res,30,g,30,30,54,6.2,3,0,0,1.8,0,0,0.9,0,3.6,5.7,0,19.5,19.5,0,0,0,0,0,0,AOABG
Molida especial,30,g,30,30,54,6.2,3,0,0,1.8,0,0,0.9,0,3.6,5.7,0,19.5,19.5,0,0,0,0,0,0,AOABG
Molida regular de res (10% grasa),30,g,30,30,54,6.2,3,0,0,1.8,0,0,0.9,0,3.6,5.7,0,19.5,19.5,0,0,0,0,0,0,AOABG
Pasta de camarón,30,g,30,30,54,6.2,2.8,0.5,0,0,0,0,0.1,0,0,0,0,0,0,0,0,0,0,0,0,AOABG
Queso cheddar bajo en grasa,30,g,30,30,53,7.4,2.1,0.5,0,19.3,0,0,0.1,0,126.4,4.4,0,186.4,6.4,0,0,0,0,0,0,AOABG
Pescado blanco cocido,30,g,30,30,52,7.3,2.3,0,0,11.6,0,0,0.1,0,9.9,4.2,0,19.4,22.9,0,0,0,0,0,0,AOABG
Trucha ahumada,30,g,30,30,51,7.3,2.2,0,0,25.8,0,0,0.1,0,25.8,4.5,0,12.7,20.5,0,0,0,0,0,0,AOABG
Trucha cocida,30,g,30,30,51,7.3,2.2,0,0,25.8,0,0,0.1,0,25.8,4.5,0,12.7,20.5,0,0,0,0,0,0,AOABG
Sierra ahumada,30,g,30,30,51,7.3,2.2,0,0,25.8,0,0,0.1,0,25.8,4.2,0,12.7,20.5,0,0,0,0,0,0,AOABG
Higado de cerdo cocido,30,g,30,30,50,7.8,1.3,1.1,0,1621.5,0,0,5.4,0,3,20.3,0,14.7,106.5,0,0,0,0,0,0,AOABG
Higado de pollo cocido,30,g,30,30,50,7.3,2,0.3,0,1194.3,0,0,3.5,0,3.3,24.7,0,22.8,168.9,0,0,0,0,0,0,AOABG
Bonito fileteado,30,g,30,30,50,7.2,2.2,0,0,0,0,0,0.2,0,7.8,4.2,0,12,0,0,0,0,0,0,0,AOABG
Carpa cocida,30,g,30,30,49,6.8,2.2,0,0,2.8,0,0,0.5,0,15.5,5.4,0,19.1,25.1,0,0,0,0,0,0,AOABG
Carpa horneada,30,g,30,30,49,6.8,2.2,0,0,2.8,0,0,0.5,0,15.5,5.4,0,19.1,25.1,0,0,0,0,0,0,AOABG
Pechuga de pollo sin piel aplanada,30,g,30,30,48,8.7,1.2,0,0,2.4,0,0,0.3,0,3.9,6.7,0,19.5,23.1,0,0,0,0,0,0,AOAMBG
Pechuga de pollo sin piel a la plancha,30,g,30,30,48,8.7,1.2,0,0,2.4,0,0,0.3,0,3.9,6.7,0,19.5,23.1,0,0,0,0,0,0,AOAMBG
Pechuga de pollo sin piel asada,30,g,30,30,48,8.7,1.2,0,0,2.4,0,0,0.3,0,3.9,6.7,0,19.5,23.1,0,0,0,0,0,0,AOAMBG
Pechuga de pollo sin piel cocida,30,g,30,30,48,8.7,1.2,0,0,2.4,0,0,0.3,0,3.9,6.7,0,19.5,23.1,0,0,0,0,0,0,AOAMBG
Pollo sin piel cocido,30,g,30,30,48,8.7,1.2,0,0,2.4,0,0,0.3,0,3.9,6.7,0,19.5,23.1,0,0,0,0,0,0,AOAMBG
Higado de res cocido,30,g,30,30,48,7.3,1.5,1,0,3180.6,0,0,2,0,2.1,17.1,0,21,116.7,0,0,0,0,0,0,AOABG
Corned beef con áspic,30,g,30,30,46,6.9,1.8,0,0,0,0,0,0.6,0,3.2,5.2,0,286.1,13.9,0,0,0,0,0,0,AOABG
Atún fresco,30,g,30,30,43,7,1.5,0,0,196.6,0,0,0.3,0,2.5,11,0,11.6,11.3,0,0,0,0,0,0,AOAMBG
Aguayón,30,g,30,30,42,6.3,1.9,0,0,1.8,0,0,0.7,0,1.8,5.9,0,18.9,18.6,0,0,0,0,0,0,AOAMBG
Aguayón de res,30,g,30,30,42,6.3,1.9,0,0,1.8,0,0,0.7,0,1.8,5.9,0,18.9,18.6,0,0,0,0,0,0,AOAMBG
Filete de cazón crudo,30,g,30,30,39,6.3,1.3,0,0,21.2,0,0,0.3,0,10.2,4.2,0,23.6,15.2,0,0,0,0,0,0,AOAMBG
Anchoa fresca,30,g,30,30,39,6.1,1.4,0,0,4.6,0,0,1,0,44.1,11,0,31.1,18,0,0,0,0,0,0,AOAMBG
Bistec,30,g,30,30,36,7.2,0.8,0,0,41.7,0,0,0.5,0,2.7,5.7,0,18,14.1,0,0,0,0,0,0,AOAMBG
Bistec de res,31,g,30,30,36,7.2,0.8,0,0,41.7,0,0,0.5,0,2.7,5.7,0,18,14.1,0,0,0,0,0,0,AOAMBG
Filete de res,30,g,30,30,36,7.2,0.8,0,0,41.7,0,0,0.5,0,2.7,5.7,0,18,14.1,0,0,0,0,0,0,AOAMBG
Medallón de filete de res,30,g,30,30,36,7.2,0.8,0,0,41.7,0,0,0.5,0,2.7,5.7,0,18,14.1,0,0,0,0,0,0,AOAMBG
Milanesa de res,30,g,30,30,36,7.2,0.8,0,0,41.7,0,0,0.5,0,2.7,5.7,0,18,14.1,0,0,0,0,0,0,AOAMBG
Puntas de filete,30,g,30,30,36,7.2,0.8,0,0,41.7,0,0,0.5,0,2.7,5.7,0,18,14.1,0,0,0,0,0,0,AOAMBG
Puntas de res,30,g,30,30,36,7.2,0.8,0,0,41.7,0,0,0.5,0,2.7,5.7,0,18,14.1,0,0,0,0,0,0,AOAMBG
Mero cocido,30,g,30,30,35,7.5,0.4,0,0,15,0,0,0.3,0,6.3,14,0,15.9,14.1,0,0,0,0,0,0,AOAMBG
Perca cocida,30,g,30,30,35,7.4,0.4,0,0,3,0,0,0.3,0,30.7,4.8,0,23.6,34.6,0,0,0,0,0,0,AOAMBG
Robalo cocido,30,g,30,30,34,7.3,0.3,0,0,5.6,0,0,0.4,0,12.7,12.2,0,26.1,22.2,0,0,0,0,0,0,AOAMBG
Escalopa de res,30,g,30,30,34,7.2,0.3,0,0,83.4,0,0,0.5,0,2.7,5.7,0,18,14.1,0,0,0,0,0,0,AOAMBG
Carne molida de pollo,30,g,30,30,34,7,0.5,0,0,2.4,0,0,0.2,0,3.6,5.3,0,20.4,17.4,0,0,0,0,0,0,AOAMBG
Milanesa de pollo,30,g,30,30,34,7,0.5,0,0,2.4,0,0,0.2,0,3.6,5.3,0,20.4,17.4,0,0,0,0,0,0,AOAMBG
Pechuga sin piel deshebrada,30,g,30,30,34,7,0.5,0,0,2.4,0,0,0.2,0,3.6,5.3,0,20.4,17.4,0,0,0,0,0,0,AOAMBG
Pechuga sin piel desmenuzada,30,g,30,30,34,7,0.5,0,0,2.4,0,0,0.2,0,3.6,5.3,0,20.4,17.4,0,0,0,0,0,0,AOAMBG
Pechuga sin piel molida,30,g,30,30,34,7,0.5,0,0,2.4,0,0,0.2,0,3.6,5.3,0,20.4,17.4,0,0,0,0,0,0,AOAMBG
Molida de pollo,30,g,30,30,34,7,0.5,0,0,2.4,0,0,0.2,0,3.6,3.6,0,20.4,17.4,0,0,0,0,0,0,AOAMBG
Carne molida de pavo,30,g,30,30,33,6.7,0.4,0,0,0,0,0,0.1,0,1.4,9.9,0,430,12.9,0,0,0,0,0,0,AOAMBG
Carne promedio,30,g,30,29,51,5.9,2.9,0,0,1.7,0,0,0.9,0,3.4,5.7,0,18.5,18.5,0,0,0,0,0,0,AOABG
Venado crudo (carne magra),30,g,30,27,42,5.9,1.9,0,0,0,0,0,0.8,0,3,2.7,0,20.3,21.6,0,0,0,0,0,0,AOAMBG
Pechuga de pollo sin piel,30,g,30,27,31,6.3,0.4,0,0,2.2,0,0,0.2,0,3.2,4.8,0,18.4,15.7,0,0,0,0,0,0,AOAMBG
Pierna de cordero,30,g,30,26,49,7.2,2,0,0,0,0,0,0.5,0,2,2.7,0,17.3,22.7,0,0,0,0,0,0,AOABG
Gallinita de Guinea con piel,30,g,30,25,39,5.8,1.6,0,0,7,0,0,0.2,0,2.7,4.1,0,16.7,18.4,0,0,0,0,0,0,AOAMBG
T-bone sin grasa,30,g,30,24,49,6.4,2.4,0,0,0,0,0,0.8,0,1.4,5.3,0,17,14.2,0,0,0,0,0,0,AOABG
Carne de suadero,29,g,29,29,76,7.8,4.8,0,0,0,0,0,1,0,1.7,0,0,20.3,20.9,0,0,0,0,0,0,AOAMG
Suadero crudo,29,g,29,29,76,7.8,4.8,0,0,0,0,0,1,0,1.7,0,0,20.3,20.9,0,0,0,0,0,0,AOAMG
Pez espada cocido,28,g,28,28,43,7.1,1.4,0,0,11.5,0,0,0.3,0,1.6,17.3,0,32.3,14,0,0,0,0,0,0,AOAMBG
Riñones de cerdo cocidos,28,g,28,28,42,7.1,1.3,0,0,21.8,0,0,1.5,0,3.6,87.2,0,22.4,134.4,0,0,0,0,0,0,AOAMBG
Guachinango cocido,28,g,28,28,36,7.4,0.5,0,0,9.9,0,0,0.1,0,11.2,13.7,0,16,13.2,0,0,0,0,0,0,AOAMBG
Halibut cocido,27,g,27,27,38,7.2,0.8,0,0,14.6,0,0,0.3,0,16.2,12.6,0,18.7,11.1,0,0,0,0,0,0,AOAMBG
Chocolate en polvo DICONSA,25,g,25,25,94,15,1.1,6,0,0,0,0,0,0,0,0,0,162.5,0,0,0,0,5.4,54,3,Azúcares con grasa
Bistec de bola,25,g,25,25,71,7.2,4.5,0,0,0,0,0,0.8,0,1.5,5,0,12.5,24,0,0,0,0,0,0,AOAMG
Bola de res,25,g,25,25,71,7.2,4.5,0,0,0,0,0,0.8,0,1.5,5,0,12.5,24,0,0,0,0,0,0,AOAMG
Rib eye sin grasa,25,g,25,25,56,7,2.9,0,0,0,0,0,0.6,0,3.3,4.3,0,17.3,20,0,0,0,0,0,0,AOABG
Higado de borrego cocido,25,g,25,25,55,7.6,2.2,0.6,0,1872.8,0,0,2.1,0,2,27.9,0,14,125.3,0,0,0,0,0,0,AOABG
Bonito en aceite,25,g,25,25,55,7.3,2.9,0,0,0,0,0,0.3,0,7.2,4,0,0,11.7,0,0,0,0,0,0,AOABG
Short loin,25,g,25,25,54,7.2,2.6,0,0,0,0,0,0.6,0,2,5.8,0,17,19,0,0,0,0,0,0,AOABG
Corned beef,25,g,25,25,54,6.7,3.1,0,0,0,0,0,0.6,0,0,4.3,0,218.8,22.3,0,0,0,0,0,0,AOABG
Higado de res frito,25,g,25,25,54,6.7,2,2,0,2682.3,0,0,1.6,0,2.8,14.3,0,26.5,120.5,0,0,0,0,0,0,AOABG
Corazón de pollo cocido,25,g,25,25,53,7.9,2.6,0,0,0,0,0,0,0,0,2,0,17.5,70.2,0,0,0,0,0,0,AOABG
Pámpano cocido,25,g,25,25,53,5.9,3,0,0,91,0,0,0.2,0,10.9,11.7,0,19.1,15.9,0,0,0,0,0,0,AOABG
Molida de sirloin,25,g,25,25,51,7.6,2,0,0,0,0,0,0.8,0,2.8,4.6,0,16.5,22.3,0,0,0,0,0,0,AOABG
Sirloin,25,g,25,25,51,7.6,2,0,0,0,0,0,0.8,0,2.8,4.6,0,16.5,22.3,0,0,0,0,0,0,AOABG
Hueva de pescado cocida,25,g,25,25,51,7.2,2.1,0.5,0,22.8,0,0,0.2,0,7,12.9,0,29.3,119.8,0,0,0,0,0,0,AOABG
Arenque cocido,25,g,25,25,51,5.8,2.9,0,0,9,0,0,0.4,0,18.5,11.7,0,28.8,19.3,0,0,0,0,0,0,AOABG
 Mejillones sin concha cocidos ,25,g,25,25,43,5.9,1.1,1.9,0,22.6,0,0,1.7,0,8.2,22.4,0,92.4,14.1,0,0,0,0,0,0,AOAMBG
Menudencias de pavo,25,g,25,25,42,6.7,1.3,0.5,0,448.8,0,0,1.7,0,3.3,23.4,0,14.8,104.5,0,0,0,0,0,0,AOAMBG
Pulpo cocido,25,g,25,25,41,7.5,0.5,1.1,0,22.5,0,0,2.4,0,26.5,22.4,0,115,24.1,0,0,0,0,0,0,AOAMBG
Corazón de res cocido,25,g,25,25,41,7.1,1.2,0,0,0,0,0,1.6,0,1.3,9.7,0,14.8,53,0,0,0,0,0,0,AOAMBG
Riñones de ternera cocidos,25,g,25,25,41,6.6,1.4,0,0,50.3,0,0,0.8,0,7.3,25,0,27.5,197.8,0,0,0,0,0,0,AOAMBG
Riñones de res cocidos,25,g,25,25,40,6.8,1.2,0,0,0,0,0,1.5,0,4.8,42,0,23.5,179,0,0,0,0,0,0,AOAMBG
Menudencias de pollo cocidas,25,g,25,25,40,6.8,1.1,0.1,0,438.3,0,0,1.8,0,3.5,14.9,0,16.8,110.5,0,0,0,0,0,0,AOAMBG
Cecina enchilada,25,g,25,25,40,6,1.6,0.2,0,0.6,0,0,1.1,0,8.8,7.1,0,275,17.5,0,0,0,0,0,0,AOAMBG
Cecina,25,g,25,25,40,6,1.6,0.2,0,0.6,0,0,1.1,0,8.8,4.7,0,275,17.5,0,0,0,0,0,0,AOAMBG
Molleja de pollo cocida,25,g,25,25,37,7.6,0.7,0,0,0,0,0,0.8,0,4.3,10.3,0,14,92.5,0,0,0,0,0,0,AOAMBG
Corazón de puerco cocido,25,g,25,25,37,5.9,1.3,0.1,0,1.7,0,0,1.5,0,1.7,4.6,0,8.7,55.2,0,0,0,0,0,0,AOAMBG
Cabrito,25,g,25,25,36,6.8,0.8,0,0,0,0,0,0.9,0,4.3,9.5,0,21.5,18.8,0,0,0,0,0,0,AOAMBG
Maciza de res,25,g,25,25,35,5.2,1.6,0,0,1.5,0,0,0.6,0,1.5,4.7,0,15.8,15.5,0,0,0,0,0,0,AOAMBG
Maciza de res en trozo,25,g,25,25,35,5.2,1.6,0,0,1.5,0,0,0.6,0,1.5,4.7,0,15.8,15.5,0,0,0,0,0,0,AOAMBG
Venado cocido (carne magra),25,g,25,23,42,6,1.8,0,0,0,0,0,0.8,0,3.2,2.3,0,17.6,22.1,0,0,0,0,0,0,AOAMBG
Coco entero,25,g,25,14,42,0.5,4.6,0.7,0,0,0,0,0,0,0,0,0,3.2,0,4.1,0.5,0.1,0,0,0,Aceites y grasas
Queso parmesano duro,20,g,20,20,78,7.2,5.2,0.6,0,21.2,0,0,0.2,0,236.8,4.5,0,320.4,13.6,0,0,0,0,0,0,AOAMG
Queso parmesano en trozo,20,g,20,20,78,7.2,5.2,0.6,0,21.2,0,0,0.2,0,236.8,4.5,0,320.4,13.6,0,0,0,0,0,0,AOAMG
Queso holandés,20,g,20,20,75,6.7,5.2,1.6,0,56.6,0,0,0.3,0,165.8,1.8,0,0,17,0,0,0,0,0,0,AOAMG
Queso de puerco,20,g,20,20,75,2,7.4,0,0,0,0,0,0,0,0,0,0,0,20,4.1,4,1,0,0,0,Aceites y grasas con proteína
"Falafel, hecho en casa",20,g,20,20,67,2.7,3.5,6.4,0,0,0,0,0,0,0,0,0,0,0,0,0,0,0,0,0,Aceites y grasas con proteína
"Hummus, de garbanzo (1 cda)",20,g,20,20,67,2.7,3.5,6.4,0,0,0,0,0,0,0,0,0,0,0,0,0,0,0,0,0,Aceites y grasas con proteína
Cacahuate cocido,20,g,20,20,64,2.7,4.4,4.3,0,0,0,0,0,0,0,0,0,150,0,0.6,2.2,1.4,0,0,0,Aceites y grasas con proteína
Jugo de fruta concentrado,20,g,20,20,45,0.8,0.3,10.1,0,0,0,0,0,0,0,0,0,1,0,0,0,0,10,50,5,Azúcares sin grasa
Atún horneado,20,g,20,20,37,6,1.3,0,0,151.4,0,0,0.3,0,2,9.4,0,10,9.9,0,0,0,0,0,0,AOAMBG
Corazón de ternera cocido,20,g,20,20,37,5.8,1.4,0,0,0,0,0,0.9,0,1.6,10.5,0,11.6,35.2,0,0,0,0,0,0,AOAMBG
Chocolate semi amargo,17,g,17,17,81,0.7,5.1,10.7,0,0,0,0,0,0,0,0,0,1.9,0,0,0,0,9.3,43,5,Azúcares con grasa
Chocolate blanco,15,g,15,15,81,0.9,4.8,8.9,0,0,0,0,0,0,0,0,0,13.5,0,0,0,0,8.9,44,4,Azúcares con grasa
Kkwate sabritas japonés,15,g,15,15,74,2.4,4.2,6.6,0,0,0,0,0,0,0,0,0,69,0,0,0,0,0,0,0,Aceites y grasas con proteína
Chistorra,15,g,15,15,73,1.7,7,0.7,0,0,0,0,0,0,0,0,0,156.8,25.5,0,0,0,0,0,0,Aceites y grasas con proteína
Chorizo vegetariano,15,g,15,15,70,4.1,5.7,0.2,0,0,0,0,0,0,0,0,0,0,0,0,0,0,0,0,0,Aceites y grasas con proteína
Harina de cacahuate,15,g,15,15,65,5.1,3.3,4.8,0,0,0,0,0,0,0,0,0,0,0,0.5,1.7,1.1,0,66,3,Aceites y grasas con proteína
Chorizo,15,g,15,15,64,3.5,5.6,0,0,0,0,0,0,0,0,0,0,11.5,16.2,2.1,2.4,0.4,0,0,0,Aceites y grasas con proteína
Fruta cristalizada,15,g,15,15,45,0.5,0.1,11,0,0,0,0,0,0,0,0,0,0,0,0,0,0,11,103,11,Azúcares sin grasa
Cacao con cáscara,14,g,14,13,70,1.9,5.9,3.3,0,0,0,0,0,0,0,0,0,0.5,0,3.4,2.4,0.1,0,0,0,Aceites y grasas con proteína
Coroso,14,g,14,11,72,0.8,7.5,1.6,0,0,0,0,0,0,0,0,0,0,0,0,0,0,0,0,0,Aceites y grasas con proteína
Harina de ajonjolí,13,g,13,13,69,4,4.9,3.5,0,0,0,0,0,0,0,0,0,5.6,0,0.7,1.9,2.1,0,66,2,Aceites y grasas con proteína
Ate,13,g,13,13,41,0.4,0.1,9.8,0,0,0,0,0,0,0,0,0,0,0,0,0,0,9.2,51,5,Azúcares sin grasa
Ate de guayaba,14,g,13,13,41,0.4,0.1,9.8,0,0,0,0,0,0,0,0,0,0,0,0,0,0,9.2,51,5,Azúcares sin grasa
Ate de membrillo,15,g,13,13,41,0.4,0.1,9.8,0,0,0,0,0,0,0,0,0,0,0,0,0,0,9.2,51,5,Azúcares sin grasa
Pescado seco tipo bacalao,13,g,13,12,34,7.4,0.3,0,0,5,0,0,0.3,0,18.7,17.3,0,822.2,17.8,0,0,0,0,0,0,AOAMBG
Cacahuate con pepitas,12,g,12,12,75,2.8,6,2.4,0,0,0,0,0,0,0,0,0,144,0,0.8,2.8,2.4,0,0,0,Aceites y grasas con proteína
Nuez de la india con almendras,12,g,12,12,73,2.1,6.4,2.6,0,0,0,0,0,0,0,0,0,40.7,0,0.9,3.9,1.7,0,0,0,Aceites y grasas con proteína
Cacao pataste,12,g,12,12,72,2.1,6.5,2.6,0,0,0,0,0,0,0,0,0,0.5,0,3.6,2.5,0.1,0,0,0,Aceites y grasas con proteína
Cacahuate con cáscara,12,g,12,12,70,2.8,6,0.2,0,0,0,0,0,0,0,0,0,0.6,0,0.8,1.9,1.7,0,0,0,Aceites y grasas con proteína
Cacao sin cáscara,12,g,12,12,67,1.9,5.9,2.5,0,0,0,0,0,0,0,0,0,0.5,0,3.2,2.3,0.1,0,0,0,Aceites y grasas con proteína
Mafer tostado sazonado,12,g,12,12,66,2.7,5.4,1.7,0,0,0,0,0,0,0,0,0,76.8,0,0,0,0,0,0,0,Aceites y grasas con proteína
Nuez de la india acaramelada,12,g,12,12,64,1.7,5.6,3,0,0,0,0,0,0,0,0,0,38.6,0,1.3,3,1.3,0,0,0,Aceites y grasas con proteína
Coco fresco,12,g,12,12,42,0.4,4,1.8,0,0,0,0,0,0,0,0,0,2.4,0,3.6,0.2,0.1,0,0,0,Aceites y grasas
Harina de almendras,11,g,11,11,66,2.2,5.7,2.5,0,0,0,0,0,0,0,0,0,0.8,0,0.6,3.7,1.2,0,66,2,Aceites y grasas con proteína
Nuez picada,10,g,10,10,71,1,7.4,1.4,0,0,0,0,0,0,0,0,0,0.1,0,0.6,4.4,2.1,0,0,0,Aceites y grasas con proteína
Kkwate sabritas salado,10,g,10,10,60,2,5.2,1.2,0,0,0,0,0,0,0,0,0,60,0,0,0,0,0,0,0,Aceites y grasas con proteína
Tocino en lonja,8,g,8,8,44,0.7,4.6,0,0,0,0,0,0,0,0,0,0,54.8,5.4,1.7,2,0.5,0,0,0,Aceites y grasas
Coco,8,g,8,6,41,0.5,4.3,0.9,0,0,0,0,0,0,0,0,0,0,0,0,0,0,0,0,0,Aceites y grasas
Coco de aceite,8,g,8,6,41,0.5,4.3,0.9,0,0,0,0,0,0,0,0,0,0,0,0,0,0,0,0,0,Aceites y grasas
Coquito,8,g,8,6,41,0.5,4.3,0.9,0,0,0,0,0,0,0,0,0,0,0,0,0,0,0,0,0,Aceites y grasas
Coco deshidratado,6,g,6,6,40,0.4,3.9,1.5,0,0,0,0,0,0,0,0,0,2.1,0,3.5,0.2,0,0,0,0,Aceites y grasas
Lardo,5,g,5,5,45,0,5,0,0,0,0,0,0,0,0,0,0,0,4.8,2,2.1,0.5,0,0,0,Aceites y grasas
Grasa de tocino,5,g,5,5,44,0,5,0,0,0,0,0,0,0,0,0,0,0,4.8,2.2,2.1,0.6,0,0,0,Aceites y grasas
Grasas animales,5,g,5,5,44,0,5,0,0,0,0,0,0,0,0,0,0,0,4.8,2.2,2.1,0.6,0,0,0,Aceites y grasas
Grasas vegetales para cocinar,5,g,5,5,44,0,5,0,0,0,0,0,0,0,0,0,0,0,0,1.2,3.3,0.4,0,0,0,Aceites y grasas
Arenque marinado, 1/4,filete,46,46,73,8.3,4.2,0,0,12.9,0,0,0.5,0,26.2,16.8,0,41.4,27.6,0,0,0,0,0,0,AOAMG
Macarela fresca, 1/3,filete,37,37,76,6.9,5.1,0,0,18.7,0,0,0.6,0,4.3,13.5,0,33.5,25.9,0,0,0,0,0,0,AOAMG
Macarela cocida, 1/3,filete,29,29,76,6.9,5.2,0,0,15.7,0,0,0.5,0,4.4,15,0,24.1,21.9,0,0,0,0,0,0,AOAMG
Aceite en spray,5,disp. de un segundo,5,5,44,0,5,0,0,0,0,0,0,0,0,0,0,0,0,0.6,1.2,2.9,0,0,0,Aceites y grasas
Pam,5,disp. de un segundo,5,5,44,0,5,0,0,0,0,0,0,0,0,0,0,0,0,0.6,1.2,2.9,0,0,0,Aceites y grasas
Paté de pollo,8,cucharadita,35,35,71,4.7,4.6,2.4,0,0,0,0,0,0,0,0,0,134.8,137.3,1.4,1.9,0.9,0,0,0,Aceites y grasas con proteína
Pasta de anchoas,4,cucharadita,28,28,56,5.6,3.2,1.2,0,0,0,0,0,0,0,0,0,0,0,0,0,0,0,0,0,AOABG
Pasta de langosta,4,cucharadita,28,28,52,6,2.8,0.4,0,0,0,0,0.4,0,20,0,0,0,0,0,0,0,0,0,0,AOABG
Caviar,5,cucharadita,27,27,67,6.6,4.8,1.1,0,72.2,0,0,3.2,0,73.3,17.5,0,399.8,156.6,0,0,0,0,0,0,AOAMG
Caviar negro,5,cucharadita,27,27,67,6.6,4.8,1.1,0,72.2,0,0,3.2,0,73.3,17.5,0,399.8,156.6,0,0,0,0,0,0,AOAMG
Caviar rojo,5,cucharadita,27,27,67,6.6,4.8,1.1,0,72.2,0,0,3.2,0,73.3,17.5,0,399.8,156.6,0,0,0,0,0,0,AOAMG
Salsa pesto,4,cucharadita,24,24,66,3.1,5.5,0.9,0,0,0,0,0,0,0,0,0,103.2,5.9,0,0,0,0,0,0,Aceites y grasas con proteína
Paté,5,cucharadita,22,22,69,3.1,6.1,0.3,0,0,0,0,0,0,0,0,0,105.9,0,0,0,0,0,0,0,Aceites y grasas con proteína
Aderezo vinagreta comercial,4,cucharadita,20,20,41,0,3.3,2.7,0,0,0,0,0,0,0,0,0,166.7,0,0.7,0,0,0,0,0,Aceites y grasas
Crema dulce,4,cucharadita,19,19,36,0.5,3.6,0.7,0,0,0,0,0,0,0,0,0,7.5,12.3,2.2,0.9,0.1,0,0,0,Aceites y grasas
Crema dulce para batir,4,cucharadita,19,19,36,0.5,3.6,0.7,0,0,0,0,0,0,0,0,0,7.5,12.3,2.2,0.9,0.1,0,0,0,Aceites y grasas
Crema de coco dulce,3,cucharadita,19,19,36,0.2,3.1,10.1,0,0,0,0,0,0,0,0,0,6.8,0,2.9,0.1,0,0,0,0,Aceites y grasas
Chispas de chocolate,5,Cucharadita,18,18,94,1.3,5.2,10.4,0,0,0,0,0,0,0,0,0,13.8,0,0,0,0,8.9,43,4,Azúcares con grasa
Pasta de cacahuate desgrasada,7,cucharadita,18,18,76,5.3,4.4,4.9,0,0,0,0,0,0,0,0,0,106.2,0,1.6,4.4,2.5,0,0,0,Aceites y grasas con proteína
Chispas de chocolate hershey,5,Cucharadita,17,17,89,0.8,4.8,10.7,0,0,0,0,0,0,0,0,0,2.2,0,0,0,0,8.7,43,5,Azúcares con grasa
Chocolate rallado,5,Cucharadita,17,17,87,0.9,5.4,9.9,0,0,0,0,0,0,0,0,0,0.7,0,0,0,0,7.7,43,4,Azúcares con grasa
Salsa bearnesa industrializada,4,cucharadita,17,17,61,2.3,1.5,9.9,0,0,0,0,0,0,0,0,0,564.4,0,0.2,0.7,0.5,0,0,0,Aceites y grasas con proteína
Mermelada,2 1/2,Cucharadita,17,17,41,0.1,0,10,0,0,0,0,0,0,0,0,0,0.2,0,0,0,0,8.1,48,5,Azúcares sin grasa
Salsa tártara industrializada,1,cucharadita,16,16,52,0,5.2,2.1,0,0,0,0,0,0,0,0,0,93,5.2,2.1,0,0,0,0,0,Aceites y grasas
Crema de coco natural,3,cucharadita,15,15,50,0.5,5.2,1,0,0,0,0,0,0,0,0,0,0.6,0,4.6,0.2,0.1,0,0,0,Aceites y grasas
Cacahuate acaramelado,5,cucharadita,14,14,75,3,6.5,2.5,0,0,0,0,0,0,0,0,0,57.8,0,1,3.5,2,0,0,0,Aceites y grasas con proteína
Miel de abeja,2,Cucharadita,14,14,43,0,0,11.5,0,0,0,0,0,0,0,0,0,0.6,0,0,0,0,11.5,55,6,Azúcares sin grasa
Pasta de cacahuate,5,cucharadita,13,13,73,3.5,6.2,2.2,0,0,0,0,0,0,0,0,0,59.8,0,1.1,3.1,1.8,0,0,0,Aceites y grasas con proteína
Pasta de almendras,4,cucharadita,13,13,62,1.2,3.8,6.5,0,0,0,0,0,0,0,0,0,1.4,0,0.3,2.4,0.8,0,0,0,Aceites y grasas con proteína
Cacahuate picado,5,cucharadita,12,12,74,3,6.2,2.7,0,0,0,0,0,0,0,0,0,101.9,0,0.9,3.1,1.9,0,0,0,Aceites y grasas con proteína
Avellana picada,5,cucharadita,12,12,71,2.4,6.4,2.3,0,0,0,0,0,0,0,0,0,0,0,0,0,0,0,0,0,Aceites y grasas con proteína
Semilla de girasol tostada,4,cucharadita,12,12,71,2.4,6,2.9,0,0,0,0,0,0,0,0,0,0.4,0,0.6,1.2,4,0,0,0,Aceites y grasas con proteína
Semilla de girasol,4,cucharadita,12,12,69,2.7,6,2.1,0,0,0,0,0,0,0,0,0,0.4,0,0.7,1.5,3.7,0,0,0,Aceites y grasas con proteína
Pepitas de melón,5,cucharadita,12,12,66,3.3,5.6,1.8,0,0,0,0,0,0,0,0,0,11.7,0,1.2,0.9,3.3,0,0,0,Aceites y grasas con proteína
Semilla de chía,5,cucharadita,12,12,66,3.3,5.6,1.8,0,0,0,0,0,0,0,0,0,11.7,0,1.2,0.9,3.3,0,0,0,Aceites y grasas con proteína
Salsa de cacahuate,2,cucharadita,11,11,63,2.6,5.3,2.3,0,0,0,0,0,0,0,0,0,52,0,1,2.5,1.5,0,0,0,Aceites y grasas con proteína
Salsa de ajonjolí,2,cucharadita,11,11,63,2.6,5.3,2.3,0,0,0,0,0,0,0,0,0,50.4,0,1,2.5,1.5,0,0,0,Aceites y grasas con proteína
Margarina baja en grasa,2 1/2,Cucharadita,11,11,42,0,5,0,0,0,0,0,0,0,0,0,0,108.3,0,0,0,0,0,0,0,Aceites y grasas
Leche consensada,2,cucharadita,11,11,36,0.9,1,6.1,0,0,0,0,0,0,0,0,0,14.2,0,0,0,0,6.1,61,4,Azúcares sin grasa
Almendra picada,4,cucharadita,10,10,62,2.1,5.2,1.8,0,0,0,0,0,0,0,0,0,0,0,0.4,0,1.2,0,0,0,Aceites y grasas con proteína
Ajonjolí,4,cucharadita,10,10,61,2.7,5.7,1,0,0,0,0,0,0,0,0,0,3.9,0,0.8,2.2,2.5,0,0,0,Aceites y grasas con proteína
Aderezo vinagreta casera,2,cucharadita,10,10,45,0,5,0.3,0,0,0,0,0,0,0,0,0,0,0,0.9,1.5,2.4,0,0,0,Aceites y grasas
Chocolate en polvo sin azúcar,2,Cucharadita,10,10,40,2,1,6,0,0,0,0,0,0,0,0,0,0,0,0,0,0,4,51,3,Azúcares sin grasa
Cacao en polvo,2,Cucharadita,10,10,40,2,1,6,0,0,0,0,0,0,0,0,0,0,0,0,0,0,4,51,3,Azúcares sin grasa
Azúcar glass,4,Cucharadita,10,10,39,0,0,10,0,0,0,0,0,0,0,0,0,0.1,0,0,0,0,9.8,68,7,Azúcares sin grasa
Bebida para deportistas en polvo,2,Cucharadita,10,10,36,0,0,9.5,0,0,0,0,0,0,0,0,0,60.3,0,0,0,0,9,78,7,Azúcares sin grasa
Azúcar mascabado,2,Cucharadita,10,10,36,0,0,9.1,0,0,0,0,0,0,0,0,0,3,0,0,0,0,9.1,68,6,Azúcares sin grasa
Azúcar morena,3,Cucharadita,9,9,34,0,0,8.8,0,0,0,0,0,0,0,0,0,2.5,0,0,0,0,8.7,68,6,Azúcares sin grasa
Crema de leche en polvo,4,cucharadita,8,8,44,0.4,2.8,4.4,0,0,0,0,0,0,0,0,0,14.5,0,2.4,0.1,0,0,0,0,Aceites y grasas
Azúcar blanca,2,Cucharadita,8,8,33,0,0,8.4,0,0,0,0,0,0,0,0,0,0,0,0,0,0,8.4,68,6,Azúcares sin grasa
Azúcar de mesa,2,Cucharadita,8,8,33,0,0,8.4,0,0,0,0,0,0,0,0,0,0,0,0,0,0,8.4,68,6,Azúcares sin grasa
Azúcar granulada,2,Cucharadita,8,8,33,0,0,8.4,0,0,0,0,0,0,0,0,0,0,0,0,0,0,8.4,68,6,Azúcares sin grasa
Mantequilla con sal,1 1/2,Cucharadita,6,6,47,0.1,5.3,0,0,0,0,0,0,0,0,0,0,53.6,14.2,3.3,1.3,0.1,0,0,0,Aceites y grasas
Mantequilla,1 1/2,Cucharadita,6,6,47,0.1,5.3,0,0,0,0,0,0,0,0,0,0,0.6,14.2,3.3,1.3,0.1,0,0,0,Aceites y grasas
Mantequilla sin sal,1 1/2,Cucharadita,6,6,47,0.1,5.3,0,0,0,0,0,0,0,0,0,0,0.6,14.2,3.3,1.3,0.1,0,0,0,Aceites y grasas
Margarina con sal,1 1/2,Cucharadita,6,6,47,0.1,5.2,0.1,0,0,0,0,0,0,0,0,0,61.2,0,1,2.3,1.6,0,0,0,Aceites y grasas
Aceite de hígado de bacalao,1,Cucharadita,5,5,45,0,1.1,2.3,0,0,0,0,0,0,0,0,0,0,28.6,1.1,2.3,1.1,0,0,0,Aceites y grasas
Aceite de soya y algodón,1,Cucharadita,5,5,44,0,5,0,0,0,0,0,0,0,0,0,0,0,0,0.9,1.5,2.4,0,0,0,Aceites y grasas
Aceite de cacao,1,Cucharadita,5,5,44,0,3,1.6,0,0,0,0,0,0,0,0,0,0,0,0.1,1.6,0.1,0,0,0,Aceites y grasas
Aceite de palma,1,Cucharadita,5,5,44,0,2.5,1.9,0,0,0,0,0,0,0,0,0,0,0,0.5,1.9,0.5,0,0,0,Aceites y grasas
Aceite de algodón,1,Cucharadita,5,5,44,0,1.3,0.9,0,0,0,0,0,0,0,0,0,0,0,2.6,0.9,2.6,0,0,0,Aceites y grasas
Aceite de cacahuate,1,Cucharadita,5,5,44,0,0.9,2.3,0,0,0,0,0,0,0,0,0,0,0,1.6,2.3,1.6,0,0,0,Aceites y grasas
Aceite de oliva,1,Cucharadita,5,5,44,0,0.7,3.7,0,0,0,0,0,0,0,0,0,0,0,0.4,3.7,0.4,0,0,0,Aceites y grasas
Aceite de oliva extra virgen,1,Cucharadita,5,5,44,0,0.7,3.7,0,0,0,0,0,0,0,0,0,0,0,0.4,3.7,0.4,0,0,0,Aceites y grasas
Aceite de olivo,1,Cucharadita,5,5,44,0,0.7,3.7,0,0,0,0,0,0,0,0,0,0,0,0.4,3.7,0.4,0,0,0,Aceites y grasas
Aceite de ajonjolí,1,Cucharadita,5,5,44,0,0.7,2,0,0,0,0,0,0,0,0,0,0,0,2.1,2,2.1,0,0,0,Aceites y grasas
Aceite de cártamo,1,Cucharadita,5,5,44,0,0.7,2,0,0,0,0,0,0,0,0,0,0,0,2.1,2,2.1,0,0,0,Aceites y grasas
Aceite de soya,1,Cucharadita,5,5,44,0,0.7,1.1,0,0,0,0,0,0,0,0,0,0,0,2.6,1.1,2.6,0,0,0,Aceites y grasas
Aceite de aguacate,1,Cucharadita,5,5,44,0,0.6,3.5,0,0,0,0,0,0,0,0,0,0,0,0.7,3.5,0.7,0,0,0,Aceites y grasas
Aceite de girasol 70% con aceite aleico,1,Cucharadita,5,5,44,0,0.6,2.3,0,0,0,0,0,0,0,0,0,0,0,1.8,2.3,1.8,0,0,0,Aceites y grasas
Aceite de maíz,1,Cucharadita,5,5,44,0,0.6,1.2,0,0,0,0,0,0,0,0,0,0,0,2.9,1.2,2.9,0,0,0,Aceites y grasas
Aceite de girasol,1,Cucharadita,5,5,44,0,0.5,1,0,0,0,0,0,0,0,0,0,0,0,3.3,1,3.3,0,0,0,Aceites y grasas
Aceite de girasol 60% con ácido linoleico,1,Cucharadita,5,5,44,0,0.5,1,0,0,0,0,0,0,0,0,0,0,0,3.3,1,3.3,0,0,0,Aceites y grasas
Aceite de almendra,1,Cucharadita,5,5,44,0,0.4,3.5,0,0,0,0,0,0,0,0,0,0,0,0.9,3.5,0.9,0,0,0,Aceites y grasas
Aceite,1,Cucharadita,5,5,44,0,0.4,2.9,0,0,0,0,0,0,0,0,0,0,0,1.5,2.9,1.5,0,0,0,Aceites y grasas
Aceite comestible,1,Cucharadita,5,5,44,0,0.4,2.9,0,0,0,0,0,0,0,0,0,0,0,1.5,2.9,1.5,0,0,0,Aceites y grasas
Aceite de canola,1,Cucharadita,5,5,44,0,0.4,2.9,0,0,0,0,0,0,0,0,0,0,0,1.5,2.9,1.5,0,0,0,Aceites y grasas
Aceite de coco,1,Cucharadita,5,5,43,0,4.3,0.3,0,0,0,0,0,0,0,0,0,0,0,0.1,0.3,0.1,0,0,0,Aceites y grasas
Mantequilla derretida,1,Cucharadita,5,5,36,0,4.1,0,0,0,0,0,0,0,0,0,0,0.5,11,2.5,1,0.1,0,0,0,Aceites y grasas
Mayonesa,1,Cucharadita,5,5,34,0.1,3.6,0.2,0,0,0,0,0,0,0,0,0,27.8,12.1,0.6,2.2,0.7,0,0,0,Aceites y grasas
Manteca de cerdo,1,Cucharadita,4,4,39,0,4.3,0,0,0,0,0,0,0,0,0,0,0,4,1.7,2,0.5,0,0,0,Aceites y grasas
Margarina,1,Cucharadita,4,4,39,0,4.3,0,0,0,0,0,0,0,0,0,0,0,2.3,1.7,1.9,0.5,0,0,0,Aceites y grasas
Margarina sin sal,1,Cucharadita,4,4,39,0,4.3,0,0,0,0,0,0,0,0,0,0,0,2.3,1.7,1.9,0.5,0,0,0,Aceites y grasas
Manteca vegetal,1,Cucharadita,4,4,38,0,4.3,0,0,0,0,0,0,0,0,0,0,0,0,1.1,1.9,1.1,0,0,0,Aceites y grasas
Vinagreta baja en calorías,5,cucharada,80,80,38,0,0,7.5,0,0,0,0,0,0,0,0,0,1000,0,0,0,0,0,0,0,Aceites y grasas
Salsa de pimienta verde,5,cucharada,75,75,72,2.3,4.4,6,0,0,0,0,0,0,0,0,0,280.4,13.3,2.7,1.2,0.1,0,0,0,Aceites y grasas con proteína
Salsa tártara sin grasa,4,cucharada,62,62,48,0,2,9.7,0,0,0,0,0,0,0,0,0,406.9,0,0.8,0,0,0,0,0,Aceites y grasas
Huevo congelado sin colesterol,4,cucharada,60,60,96,6.8,6.7,1.9,0,81,0,0,1.2,0,44,2,0,120,1,0,0,0,0,0,0,AOABG
Sustituto de huevo liquido,4,cucharada,60,60,51,7.1,2,0.4,0,130.2,0,0,1.3,0,31.9,24.8,0,106,0,0,0,0,0,0,0,AOABG
Aderezo italiano cremoso bajo en calorías,4,cucharada,60,60,40,2,2.2,6,0,0,0,0,0,0,0,0,0,560,0,0.8,0,0,0,0,0,Aceites y grasas
Queso de soya,2,cucharada,56,56,84,7,4.6,3.8,0,2,0,0,0,0,106,0,0,12,0,0,0,0,0,0,0,AOABG
Queso cottage cremoso,3,cucharada,54,54,56,6.8,2.5,1.5,0,25.1,0,0,0.1,0,32.8,4.9,0,217.9,7.7,0,0,0,0,0,0,AOABG
Chía,7,cucharada,49,12,69,3.5,5.9,1.9,0,0,0,0,0,0,0,0,0,12.3,0,1.2,0.9,3.5,0,0,0,Aceites y grasas con proteína
Queso cottage,3,cucharada,48,48,43,6.6,0.9,1.7,0,10.1,0,0,0.1,0,32.9,4.9,0,195,4,0,0,0,0,0,0,AOAMBG
Queso cottage 2% grasa,3,cucharada,48,48,43,6.6,0.9,1.7,0,10.1,0,0,0.1,0,32.9,4.9,0,195,4,0,0,0,0,0,0,AOAMBG
Salsa bechamel,3,cucharada,45,45,66,1.7,4.8,4.1,0,0,0,0,0,0,0,0,0,159.5,3.2,1.3,2,1.3,0,0,0,Aceites y grasas con proteína
Salsa blanca,3,cucharada,45,45,66,1.7,4.8,4.1,0,0,0,0,0,0,0,0,0,159.5,3.2,1.3,2,1.3,0,0,0,Aceites y grasas con proteína
Queso ricotta reducido en grasa,3,cucharada,45,45,62,5.1,3.6,2.3,0,48.3,0,0,0,0,122.3,0,0,56.3,13.8,0,0,0,0,0,0,AOABG
Aderezo,3,cucharada,45,45,48,0,4.5,2.1,0,0,0,0,0,0,0,0,0,354,3,0.6,0.9,2.7,0,0,0,Aceites y grasas
Aderezo italiano bajo en calorías,3,cucharada,45,45,48,0,4.5,2.1,0,0,0,0,0,0,0,0,0,354,3,0.6,0.9,2.7,0,0,0,Aceites y grasas
Huevo batido o revuelto cocido,3,cucharada,41,41,69,4.6,5,0.9,0,57.5,0,0,0.5,0,29.2,9.2,0,115.1,144.7,0,0,0,0,0,0,AOAMG
Higado de pavo,4,cucharada,35,35,59,8.4,2.1,1.2,0,4403.4,0,0,2.7,0,3.9,35.2,0,22.4,219.1,0,0,0,0,0,0,AOABG
Salsa de queso,2,cucharada,34,34,67,3.5,5.1,1.8,0,0,0,0,0,0,0,0,0,167.7,12.5,2.7,1.6,0.5,0,0,0,Aceites y grasas con proteína
Dip,2,cucharada,30,30,48,1,3.9,1.9,0,0,0,0,0,0,0,0,0,154.8,19.4,2.9,0,0,0,0,0,Aceites y grasas
Dip de cebolla,2,cucharada,30,30,48,1,3.9,1.9,0,0,0,0,0,0,0,0,0,154.8,19.4,2.9,0,0,0,0,0,Aceites y grasas
Dip preparado,2,cucharada,30,30,48,1,3.9,1.9,0,0,0,0,0,0,0,0,0,154.8,19.4,2.9,0,0,0,0,0,Aceites y grasas
Dip preparado con crema,2,cucharada,30,30,48,1,3.9,1.9,0,0,0,0,0,0,0,0,0,154.8,19.4,2.9,0,0,0,0,0,Aceites y grasas
Media crema,2,cucharada,30,30,40,0.8,3.4,1.2,0,0,0,0,0,0,0,0,0,12,12,2.2,1,0.2,0,0,0,Aceites y grasas
Guacamole,2,cucharada,28,28,46,1,3.7,2.7,0,0,0,0,0,0,0,0,0,195.7,0,0,0,0,0,0,0,Aceites y grasas
Vinagreta comercial,1 1/2,cucharada,23,23,46,0,3.8,3,0,0,0,0,0,0,0,0,0,187.5,0,0.8,0,0,0,0,0,Aceites y grasas
Crema ácida,2,cucharada,21,21,46,0.7,4.4,0.9,0,0,0,0,0,0,0,0,0,10.5,8.8,2.8,1.2,0.2,0,0,0,Aceites y grasas
Crema 20% grasa (dulce),1 1/3,cucharada,21,21,41,0.6,4.1,0.8,0,0,0,0,0,0,0,0,0,8.5,14,2.6,1,0.1,0,0,0,Aceites y grasas
Crema para batir,1 1/2,cucharada,21,21,41,0.6,4.1,0.8,0,0,0,0,0,0,0,0,0,8.4,13.9,2.5,1,0.1,0,0,0,Aceites y grasas
Salsa velouté,1 1/2,cucharada,21,21,38,0.6,3.4,1.1,0,0,0,0,0,0,0,0,0,98.3,8.6,0,0,0,0,0,0,Aceites y grasas
Granos de elote crudos,2,cucharada,21,21,18,0.7,0.2,4,0.6,1.9,1.4,9.7,0.1,56.7,0,0,0,0,0,0,0,0,0,54,2.16,Verduras
Harina de trigo,2 1/2,cucharada,20,20,71,2,0.2,14.9,0.5,0,0,5.2,0.9,0,3,0,0,0.3,0,0,0,0,0.3,41,6.109,Cereales sin grasa
Semilla de calabaza menuda,2,cucharada,20,15,65,5.3,4.1,3,0,0,0,0,0,0,0,0,0,0,0,0.7,1.5,0,0,0,0,Aceites y grasas con proteína
Harina de trigo integral,2 1/2,cucharada,19,19,64,2.6,0.3,13.6,2.3,0,0,8.3,0.7,0,6.4,0,0,0.4,0,0,0,0,0.4,30,4.08,Cereales sin grasa
Calahua,1,cucharada,19,19,35,0.5,3.3,1.6,0,0,0,0,0,0,0,0,0,9.4,0,2.9,0.1,0,0,0,0,Aceites y grasas
Queso parmesano,3 1/2,cucharada,18,18,75,6.7,5,0.9,0,20.5,0,0,0.2,0,194.1,3,0,267.6,15.4,0,0,0,0,0,0,AOAMG
Queso parmesano rallado,3 1/2,cucharada,18,18,75,6.7,5,0.9,0,20.5,0,0,0.2,0,194.1,3,0,267.6,15.4,0,0,0,0,0,0,AOAMG
Pepita limpia,1 1/2,cucharada,15,15,79,5,6.4,2,0,0,0,0,0,0,0,0,0,2.7,0,1.2,2,2.9,0,0,0,Aceites y grasas con proteína
Sustituto de huevo en polvo,3,cucharada,15,15,67,8.3,2,3.3,0,55.4,0,0,0.5,0,48.9,19.2,0,120,85.8,0,0,0,0,0,0,AOABG
Crema,1,cucharada,15,15,43,0,3.2,2.1,0,0,0,0,0,0,0,0,0,0,10.7,2.1,0,0,0,0,0,Aceites y grasas
Crema natural,1,cucharada,15,15,43,0,3.2,2.1,0,0,0,0,0,0,0,0,0,0,10.7,2.1,0,0,0,0,0,Aceites y grasas
Crema batida en aerosol,5,cucharada,15,15,40,0.5,3.5,2,0,0,0,0,0,0,0,0,0,20,10,2,1,0,0,0,0,Aceites y grasas
Semilla de calabaza,1 1/2,cucharada,15,11,61,3.4,5.1,1.6,0,0,0,0,0,0,0,0,0,0,0,0.9,1.9,2.2,0,0,0,Aceites y grasas con proteína
Chocolate fundido, 3/4,Cucharada,14,14,59,0.3,1.5,10.9,0,0,0,0,0,0,0,0,0,6.4,0,0,0,0,10.4,43,5,Azúcares con grasa
Salsa alfredo,1,cucharada,14,14,44,0.7,4.3,0.8,0,0,0,0,0,0,0,0,0,50.8,7,0,0,0,0,0,0,Aceites y grasas
Crema entera,1,cucharada,14,14,41,0.3,4.3,0.4,0,0,0,0,0,0,0,0,0,4.7,15.9,2.7,1.3,0.1,0,0,0,Aceites y grasas
Crema ligera,1,cucharada,14,14,41,0.3,4.3,0.4,0,0,0,0,0,0,0,0,0,4.7,15.9,2.7,1.3,0.1,0,0,0,Aceites y grasas
Crema para café,1,cucharada,14,14,41,0.3,4.3,0.4,0,0,0,0,0,0,0,0,0,4.7,15.9,2.7,1.3,0.1,0,0,0,Aceites y grasas
Ajonjolí tostado,5,cucharada,13,13,75,2.2,6.3,3.4,0,0,0,0,0,0,0,0,0,5.1,0,0.9,2.4,2.8,0,0,0,Aceites y grasas con proteína
Cacahuates cubiertos con salsa y limón,2,cucharada,13,13,72,2.6,4.6,5.3,0,0,0,0,0,0,0,0,0,124.7,0,0,0,0,0,0,0,Aceites y grasas con proteína
Pepitas con cáscara,2,cucharada,13,13,70,3.5,5.6,1.3,0,0,0,0,0,0,0,0,0,520,0,0.9,2.2,2.6,0,0,0,Aceites y grasas con proteína
Pepitas tostadas,1,cucharada,13,13,69,4.3,5.5,1.8,0,0,0,0,0,0,0,0,0,2.3,0,1.1,1.7,2.5,0,0,0,Aceites y grasas con proteína
Paté de cerdo,1,cucharada,13,13,61,1.5,5.8,0.6,0,0,0,0,0,0,0,0,0,91.9,20,1.9,3.4,0.1,0,0,0,Aceites y grasas con proteína
Paté de ganso,1,cucharada,13,13,61,1.5,5.8,0.6,0,0,0,0,0,0,0,0,0,91.9,20,1.9,3.4,0.1,0,0,0,Aceites y grasas con proteína
Paté de hígado de cerdo,1,cucharada,13,13,61,1.5,5.8,0.6,0,0,0,0,0,0,0,0,0,91.9,20,1.9,3.4,0.1,0,0,0,Aceites y grasas con proteína
Paté de hígado de ternera,1,cucharada,13,13,61,1.5,5.8,0.6,0,0,0,0,0,0,0,0,0,91.9,20,1.9,3.4,0.1,0,0,0,Aceites y grasas con proteína
Paté de ternera,1,cucharada,13,13,61,1.5,5.8,0.6,0,0,0,0,0,0,0,0,0,91.9,20,1.9,3.4,0.1,0,0,0,Aceites y grasas con proteína
Paté de Foie Gras,1,cucharada,13,13,60,1.5,5.7,0.6,0,0,0,0,0,0,0,0,0,90.6,19.5,1.9,3.3,0.1,0,0,0,Aceites y grasas con proteína
Queso crema,1,cucharada,13,13,46,1,4.6,0.4,0,0,0,0,0,0,0,0,0,39,14.4,2.9,1.3,0.2,0,0,0,Aceites y grasas
Queso Philadelphia,1,cucharada,13,13,46,1,4.6,0.4,0,0,0,0,0,0,0,0,0,39,14.4,2.9,1.3,0.2,0,0,0,Aceites y grasas
Crema 40% grasa (agria),1,cucharada,13,13,45,0.3,4.8,0.4,0,0,0,0,0,0,0,0,0,4.9,17.8,3,1.2,0.1,0,0,0,Aceites y grasas
Crema agria,1,cucharada,13,13,44,0.3,4.8,0.4,0,0,0,0,0,0,0,0,0,4.9,17.6,3,1.2,0.1,0,0,0,Aceites y grasas
Queso crema bajo en grasa,1,cucharada,13,13,32,1.1,3,0.3,0,0,0,0,0,0,0,0,0,51.1,6.1,2.1,0,0,0,0,0,Aceites y grasas
Nueces mixtas,1,cucharada,12,12,74,2,6.8,2.6,0,0,0,0,0,0,0,0,0,78.2,0,1,3.8,1.6,0,0,0,Aceites y grasas con proteína
Almendra fileteada,2,cucharada,12,12,72,2.5,6.5,2.2,0,0,0,0,0,0,0,0,0,0,0,0.5,4.3,1.4,0,0,0,Aceites y grasas con proteína
Almendra tostada,10,cucharada,12,12,71,2,6.3,3,0,0,0,0,0,0,0,0,0,1.3,0,0.6,4.1,1.3,0,0,0,Aceites y grasas con proteína
Pepitas de calabaza,1 1/2,cucharada,12,12,66,3.6,5.5,1.7,0,0,0,0,0,0,0,0,0,0,0,0,0,0,0,0,0,Aceites y grasas con proteína
Crema batida,1 1/2,cucharada,12,12,42,0.2,4.4,0.3,0,0,0,0,0,0,0,0,0,4.8,16.8,2.8,1.3,0.2,0,0,0,Aceites y grasas
Crema chantilly,1 1/2,cucharada,12,12,42,0.2,4.4,0.3,0,0,0,0,0,0,0,0,0,4.8,16.8,2.8,1.3,0.2,0,0,0,Aceites y grasas
Piñón,1,cucharada,10,10,64,1.2,6.2,2,0,0,0,0,0,0,0,0,0,7.1,0,1,2.3,2.6,0,0,0,Aceites y grasas con proteína
Selección de botana mexicana,1,cucharada,10,10,62,2.3,5,2,0,0,0,0,0,0,0,0,0,120,0,0.7,2.3,2,0,0,0,Aceites y grasas con proteína
Queso crema untable,1,cucharada,10,10,37,0.7,3.7,0.3,0,0,0,0,0,0,0,0,0,31.6,11.6,2.3,0,0,0,0,0,Aceites y grasas
Coco rallado,1 1/2,cucharada,9,9,44,0.3,3.1,4.2,0,0,0,0,0,0,0,0,0,22.9,0,2.7,0.1,0,0,0,0,Aceites y grasas
Coco rallado y endulzado,1 1/2,cucharada,9,9,44,0.3,3.1,4.2,0,0,0,0,0,0,0,0,0,22.9,0,2.7,0.1,0,0,0,0,Aceites y grasas
Coco seco,1 1/2,cucharada,9,9,44,0.3,3.1,4.2,0,0,0,0,0,0,0,0,0,22.9,0,2.7,0.1,0,0,0,0,Aceites y grasas
Coco seco y endulzado,1 1/2,cucharada,9,9,44,0.3,3.1,4.2,0,0,0,0,0,0,0,0,0,22.9,0,2.7,0.1,0,0,0,0,Aceites y grasas
Coco en hojuelas,2,cucharada,9,9,44,0.3,3,4.4,0,0,0,0,0,0,0,0,0,23.6,0,2.6,0.1,0,0,0,0,Aceites y grasas
Salsa holandesa industrializada, 1/2,cucharada,8,8,44,0.9,3.7,2.6,0,0,0,0,0,0,0,0,0,292,9.4,2.2,1.1,0.2,0,0,0,Aceites y grasas
Aderezo rach, 1/2,cucharada,8,8,44,0,4.7,0.5,0,0,0,0,0,0,0,0,0,69.8,1.3,0.8,0,0,0,0,0,Aceites y grasas
Aderezo tipo ranch, 1/2,cucharada,8,8,44,0,4.7,0.5,0,0,0,0,0,0,0,0,0,69.8,1.3,0.8,0,0,0,0,0,Aceites y grasas
Aderezo de ciruela pasa, 1/2,cucharada,8,8,39,0.1,3.9,1.1,0,0,0,0,0,0,0,0,0,35.7,11.1,0.6,2.4,0.7,0,0,0,Aceites y grasas
Aderezo blue cheese, 1/2,cucharada,8,8,38,0.4,3.9,0.6,0,0,0,0,0,0,0,0,0,82,1.5,0.8,0.9,2.1,0,0,0,Aceites y grasas
Aderezo cremoso, 1/2,cucharada,8,8,38,0.4,3.9,0.6,0,0,0,0,0,0,0,0,0,82,1.5,0.8,0.9,2.1,0,0,0,Aceites y grasas
Aderezo roquefort, 1/2,cucharada,8,8,38,0.4,3.9,0.6,0,0,0,0,0,0,0,0,0,82,1.5,0.8,0.9,2.1,0,0,0,Aceites y grasas
Aderezo tipo blue cheese, 1/2,cucharada,8,8,38,0.4,3.9,0.6,0,0,0,0,0,0,0,0,0,82,1.5,0.8,0.9,2.1,0,0,0,Aceites y grasas
Aderezo ruso, 1/2,cucharada,8,8,37,0.1,3.8,0.8,0,0,0,0,0,0,0,0,0,65,1.5,0.6,0.9,2.2,0,0,0,Aceites y grasas
Praliné, 1/2,cucharada,8,8,36,0.2,1.9,5,0,0,0,0,0,0,0,0,0,4.9,0,0.1,1.2,0.5,0,70,3.5,Aceites y grasas
Vinagreta, 1/2,cucharada,8,8,36,0,4,0.2,0,0,0,0,0,0,0,0,0,0,0,0.8,1.2,2,0,0,0,Aceites y grasas
Aderezo de miel y mostaza, 1/2,cucharada,8,8,36,0,3.6,1,0,0,0,0,0,0,0,0,0,48.4,0,0.5,0,0,0,0,0,Aceites y grasas
Aderezo italiano, 1/2,cucharada,8,8,35,0.1,3.6,0.8,0,0,0,0,0,0,0,0,0,59,0,0.6,0.9,2.1,0,0,0,Aceites y grasas
Aderezo tipo cesar, 1/2,cucharada,8,8,33,0.3,3.3,0.5,0,0,0,0,0,0,0,0,0,92.5,1.3,0.6,0,0,0,0,0,Aceites y grasas
Aderezo jalapeño, 1/2,cucharada,8,8,33,0.1,3.4,0.7,0,0,0,0,0,0,0,0,0,30.4,11.1,0.5,2.1,0.6,0,0,0,Aceites y grasas
Aderezo con queso y ajo, 1/2,cucharada,8,8,33,0,3.8,0.2,0,0,0,0,0,0,0,0,0,77.3,0,0.6,0,0,0,0,0,Aceites y grasas
Aderezo francés, 1/2,cucharada,8,8,32,0,3.1,1.3,0,0,0,0,0,0,0,0,0,102.7,0,0.7,0.6,1.6,0,0,0,Aceites y grasas
Aderezo tipo francés, 1/2,cucharada,8,8,32,0,3.1,1.3,0,0,0,0,0,0,0,0,0,102.7,0,0.7,0.6,1.6,0,0,0,Aceites y grasas
Aderezo de hierbas finas, 1/2,cucharada,8,8,31,0.1,3.2,0.8,0,0,0,0,0,0,0,0,0,73,0,0.5,2.3,0.3,0,0,0,Aceites y grasas
Aderezo italiano cremoso, 1/2,cucharada,8,8,28,0,2.8,0.8,0,0,0,0,0,0,0,0,0,57.5,0,1,0,0,0,0,0,Aceites y grasas
Aderezo mil islas, 1/2,cucharada,8,8,28,0,2.7,1.1,0,0,0,0,0,0,0,0,0,52.5,1.9,0.5,0.6,1.5,0,0,0,Aceites y grasas
Aderezo tipo mil islas, 1/2,cucharada,8,8,28,0,2.7,1.1,0,0,0,0,0,0,0,0,0,52.5,1.9,0.5,0.6,1.5,0,0,0,Aceites y grasas
Aderezo de mayonesa, 1/2,cucharada,7,7,51,0.1,5.4,0.3,0,0,0,0,0,0,0,0,0,41.8,18.2,0.9,3.4,1,0,0,0,Aceites y grasas
Bebida para deportistas, 1/4,bote sport,152,152,40,0,0,9.8,0,0,0,0,0,0,0,0,0,59.4,0,0,0,0,8,78,8,Azúcares sin grasa
Cacahuates confitados, 1/4,bolsa,14,14,72,1.4,4.3,7.1,0,0,0,0,0,0,0,0,0,36.7,0.7,1.5,2,0.6,0,0,0,Aceites y grasas con proteína
Surimi, 2/3,barra,40,40,39,6,0.4,2.7,0,7.9,0,0,0.1,0,3.7,11.1,0,56.6,11.9,0,0,0,0,0,0,AOAMBG
Chocolate con galleta y caramelo, 1/2,barra,15,15,75,0.7,3.7,9.7,0,0,0,0,0,0,0,0,0,29.7,0,0,0,0,7.2,44,4,Azúcares con grasa
Retazo,,,350,35,104,5.6,8.9,0,0,4.2,0,0,0.6,0,2.8,1.1,0,20.7,25.9,0,0,0,0,0,0,AOAAG
Retazo con hueso,,,350,35,104,5.6,8.9,0,0,4.2,0,0,0.6,0,2.8,1.1,0,20.7,25.9,0,0,0,0,0,0,AOAAG
Retazo de res,,,350,35,104,5.6,8.9,0,0,4.2,0,0,0.6,0,2.8,1.1,0,20.7,25.9,0,0,0,0,0,0,AOAAG
Retazo de ternera,,,350,35,104,5.6,8.9,0,0,4.2,0,0,0.6,0,2.8,0.9,0,20.7,25.9,0,0,0,0,0,0,AOAAG
Retazo de pollo,,,350,35,104,5.6,8.9,0,0,4.2,0,0,0.6,0,2.8,0.7,0,20.7,25.9,0,0,0,0,0,0,AOAAG
Leche descremada con chocolate,,,300,300,189,9.7,3,31.3,0,174,0,0,0,0,345,0,0,183,9,0,0,0,30,34,4.25,Leche con azúcar
Yoghurt Lala Vive con fibra 0%,,,250,250,90,6.5,0.5,16,0,0,0,0,0,0,200,0,0,100,0,0,0,0,0,33,5.28,Leche descremada
Yoghurt Lala Siluette Plus de fruta,,,250,250,85,7.3,0.5,13,0,0,0,0,0,0,255,0,0,100,0,0,0,0,0,33,4.29,Leche descremada
Yoghurt para beber con fruta bajo en calorias,,,250,250,80,5.5,0,14,0,0,0,0,0,0,200,0,0,82.5,0,0,0,0,0,35,4.9,Leche descremada
Leche descremada,,,245,245,86,8.4,0.4,11.9,0,149,0,0,0,0,302,0,0,126,4,0,0,0,0,31,3.689,Leche descremada
Leche semidescremada 1%,,,244,244,102,8,2.6,11.7,0,144,0,0,0,0,300,0,0,117.1,10,0,0,0,0,31,3.627,Leche semidescremada
Leche malteada de chocolate,,,240,240,202,8.1,7.8,26.2,0,818.4,0,0,0,0,307.2,0,0,208.8,24,0,0,0,25,34,8.908,Leche con azúcar
Leche con chocolate,,,240,240,200,7.6,8.2,24.9,0,151.2,0,0,0,0,268.8,0,0,143,29.8,0,0,0,23,34,8.466,Leche con azúcar
Leche semidescremada sabor chocolate,,,240,240,182,7.2,4.6,29.1,0,153.6,0,0,0,0,261.6,0,0,158.4,19.2,0,0,0,23,34,9.894,Leche con azúcar
Leche con chocolate semidescremada 1%,,,240,240,182,7.2,4.6,29.1,0,142.1,0,0,0,0,261.6,0,0,158.4,6.7,0,0,0,23,34,9.894,Leche con azúcar
Leche hervida,,,240,240,163,8.2,9.1,12.5,0,74.4,0,0,0,0,271.2,0,0,117.6,33.6,0,0,0,0,31,3.875,Leche entera
Leche,,,240,240,148,7.9,8,11.2,0,74.8,0,0,0,0,286.2,0,0,118,32.5,0,0,0,0,31,3.472,Leche entera
Leche caliente,,,240,240,148,7.9,8,11.2,0,74.8,0,0,0,0,286.2,0,0,118,32.5,0,0,0,0,31,3.472,Leche entera
Leche de vaca,,,240,240,148,7.9,8,11.2,0,74.8,0,0,0,0,286.2,0,0,118,32.5,0,0,0,0,31,3.472,Leche entera
Leche entera,,,240,240,148,7.9,8,11.2,0,74.8,0,0,0,0,286.2,0,0,118,32.5,0,0,0,0,31,3.472,Leche entera
Leche fría,,,240,240,148,7.9,8,11.2,0,74.8,0,0,0,0,286.2,0,0,118,32.5,0,0,0,0,31,3.472,Leche entera
Leche entera baja en sodio,,,240,240,147,7.5,8.3,10.7,0,76.7,0,0,0,0,242,0,0,5.9,32.5,0,0,0,0,31,3.317,Leche entera
Leche pasteurizada,,,240,240,146,7.9,7.9,11.3,0,74.4,0,0,0,0,285.6,0,0,117.6,33.6,0,0,0,0,31,3.503,Leche entera
Leche preparada,,,240,240,141,6.5,5.9,8.5,0,74.8,0,0,0,0,286.2,0,0,118,32.5,0,0,0,0,34,2.89,Leche entera
Leche Lala entera,,,240,240,139,7.5,7.2,12,0,0,0,0,0,0,247.7,0,0,120,0,0,0,0,0,31,3.72,Leche entera
Leche entera ultrapasteurizada,,,240,240,134,7,7,11.3,0,0,0,0,0,0,0,0,0,168,14.4,0,0,0,0,31,3.503,Leche entera
Leche Lala Vive Deslactosada semidescremada,,,240,240,109,7.5,3.8,11.1,0,0,0,0,0,0,247.7,0,0,166.9,0,0,0,0,0,31,3.441,Leche semidescremada
Leche lala semidescremada,,,240,240,109,7.5,3.8,11.1,0,0,0,0,0,0,247.7,0,0,120,0,0,0,0,0,31,3.441,Leche semidescremada
Leche Lactium MX,,,240,240,109,7.2,4,11,0,330,0,0,0,0,264,0,0,100,21,0,0,0,0,31,3.41,Leche semidescremada
Leche Alpura Light Extra,,,240,240,103,8,2.4,14,0,144,0,0,0,0,336,0,0,134.4,0,0,0,0,0,27,3.78,Leche descremada
Leche Light Extra,,,240,240,103,8,2.4,14,0,144,0,0,0,0,336,0,0,134.4,0,0,0,0,0,27,3.78,Leche descremada
Leche de soya,,,240,240,79,6.6,4.6,4.3,0,7,0,0,0,0,10,0,0,29,0,0,0,0,0,44,1.892,Leche descremada
Leche descremada con chocolate,,,240,240,77,5.8,1,12.5,0,0,0,0,0,0,297.6,0,0,115.2,0,0,0,0,0,34,4.25,Leche descremada
Leche semidescremada 2%,,,234,234,116,7.8,4.5,11.2,0,133.4,0,0,0,0,285.1,0,0,40.5,17.3,0,0,0,0,31,3.472,Leche semidescremada
Leche semidescremada,,,233,233,116,7.7,4.4,11.2,0,0,0,0,0,0,284,0,0,123,18.6,0,0,0,0,31,3.472,Leche semidescremada
Leche Lala Vive sin colesterol con omega 3,,,228,228,115,8.3,3.6,12.3,0,0,0,0,0,0,301,0,0,116.4,0,0,0,0,0,27,3.321,Leche semidescremada
Yoghurt,,,227,227,139,7.9,7.4,10.6,0,68,0,0,0,0,274,0,0,105,29,0,0,0,0,35,3.71,Leche entera
Yoghurt natural,,,227,227,139,7.9,7.4,10.6,0,68,0,0,0,0,274,0,0,105,29,0,0,0,0,35,3.71,Leche entera
Leche con vainilla,,,218,218,207,6.4,6.6,31,0,56.8,0,0,0,0,200.9,0,0,120.1,24,0,0,0,28,34,10.54,Leche con azúcar
Leche Lala Extracalcio Deslactosada,,,218,218,114,8.3,3.5,12.5,0,0,0,0,0,0,332,0,0,131,0,0,0,0,0,31,3.875,Leche semidescremada
Leche Lala Extracalcio semidescremada,,,218,218,114,8.3,3.5,12.5,0,0,0,0,0,0,332,0,0,131,0,0,0,0,0,31,3.875,Leche semidescremada
Leche malteada sabor fresa,,,182,182,204,7,5.5,32.4,0,45.6,0,0,0,0,266.3,0,0,173.3,21.9,0,0,0,32,34,11.016,Leche con azúcar
Leche malteada sabor chocolate,,,180,180,214,5.5,4.9,38.1,0,32.4,0,0,0,0,237.6,0,0,199.8,19.8,0,0,0,38,34,12.954,Leche con azúcar
Malteada de fresa,,,180,180,203,6.1,5,34,0,46.8,0,0,0,0,203.4,0,0,149.4,19.8,0,0,0,33,34,11.56,Leche con azúcar
Leche malteada sabor vainilla,,,180,180,202,6.9,5.5,32,0,45,0,0,0,0,262.8,0,0,171,21.6,0,0,0,32,34,10.88,Leche con azúcar
Yoghurt Light,,,180,180,95,6.4,0,15.9,0,0,0,0,0,0,158.8,0,0,100.6,5.3,0,0,0,0,33,5.247,Leche descremada
Yoghurt Light de fruta,,,180,180,95,5.3,0,16.9,0,0,0,0,0,0,211.8,0,0,79.4,5.3,0,0,0,0,52,8.788,Leche descremada
Helado de yogur,,,158,158,201,4.8,5.7,34.2,0,60.2,0,0,0,0,158.3,0,0,99.8,20.6,0,0,0,34,80,27.36,Leche con azúcar
Helado de yogur de fresa,,,158,158,201,4.8,5.7,34.2,0,60.2,0,0,0,0,158.3,0,0,99.8,20.6,0,0,0,34,80,27.36,Leche con azúcar
Malteada de chocolate,,,156,156,198,5.3,5.8,32,0,39,0,0,0,0,176.3,0,0,151.3,20,0,0,0,29,34,10.88,Leche con azúcar
Yoghurt Lala Vive con fibra,,,150,150,140,5.9,4.2,22.1,0,0,0,0,0,0,169.5,0,0,81,0,0,0,0,0,35,7.735,Leche entera
Helado de vainilla bajo en calorias,,,132,132,218,6.3,6.4,34.1,0,167.6,0,0,0,0,212.5,0,0,97.7,13.2,0,0,0,29,68,23.188,Leche con azúcar
Malteada de vainilla,,,130,130,192,4.4,8.4,25.4,0,117.9,0,0,0,0,149,0,0,105,29.8,0,0,0,18,34,8.636,Leche con azúcar
Leche evaporada semidescremada,,,130,130,101,8.1,2,12.2,0,0,0,0,0,0,324,0,0,141.8,20.3,0,0,0,0,34,3.842,Leche semidescremada
Yoghurt Lala batido,,,125,125,121,4.1,2.9,20,0,0,0,0,0,0,131.3,0,0,106.3,0,0,0,0,0,35,7,Leche entera
Helado de fresa bajo en calorias,,,123,123,200,6,5.7,31.2,0,539.3,0,0,0,0,208.6,0,0,87.6,18.5,0,0,0,28,68,21.216,Leche con azúcar
Leche clavel,,,120,120,150,7.5,7.5,11.3,0,0,0,0,0,0,300,0,0,112.5,37.5,0,0,0,0,34,3.842,Leche entera
Leche evaporada,,,120,120,150,7.5,7.5,11.3,0,0,0,0,0,0,300,0,0,112.5,37.5,0,0,0,0,34,3.842,Leche entera
Leche entera evaporada,,,120,120,150,7.5,7.5,11.3,0,0,0,0,0,0,300,0,0,112.5,37.5,0,0,0,0,31,3.503,Leche entera
Leche evaporada descremada,,,120,120,94,9,0.4,13.5,0,138.8,0,0,0,0,348.8,0,0,138.8,3.8,0,0,0,0,34,4.59,Leche descremada
Leche evaporada semidescremada,,,120,120,94,7.5,1.9,11.3,0,0,0,0,0,0,300,0,0,131.3,18.8,0,0,0,0,34,3.842,Leche descremada
Chongos zamoranos,,,108,108,194,6.5,3.2,34.6,0,21.6,0,0,0,0,220.3,0,0,54,10.8,0,0,0,30,65,22.49,Leche con azúcar
Helado napolitano,,,102,102,205,3.6,11.2,24.1,0,120.4,0,0,0,0,130.6,0,0,81.6,44.9,0,0,0,22,62,14.942,Leche con azúcar
Helado de chocolate,,,99,99,214,3.8,10.9,27.9,0,114.8,0,0,0,0,107.9,0,0,75.2,33.7,0,0,0,25,68,18.972,Leche con azúcar
Helado de chocolate bajo en calorias,,,99,99,199,5,7.1,28.7,0,59.4,0,0,0,0,157.4,0,0,70.3,9.9,0,0,0,24,68,19.516,Leche con azúcar
Helado de vainilla,,,99,99,199,3.5,10.9,23.4,0,114.8,0,0,0,0,126.7,0,0,79.2,43.6,0,0,0,21,62,14.508,Leche con azúcar
Helado de fresa,,,99,99,190,3.2,8.3,27.3,0,95,0,0,0,0,118.8,0,0,59.4,28.7,0,0,0,23,62,16.926,Leche con azúcar
Alón de pollo con piel cocido,,,98,51,117,11.6,8.6,0,0,20.4,0,0,0.6,0,6.1,9.4,0,34.1,35.7,0,0,0,0,0,0,AOAAG
Alón de pollo con piel crudo,,,95,51,114,9.4,8.2,0,0,22.6,0,0,0.5,0,6.2,8,0,37.4,39.5,0,0,0,0,0,0,AOAAG
Helado de café,,,91,91,195,3.4,10,25.5,0,106.8,0,0,0,0,98.6,0,0,68.8,30.8,0,0,0,23,62,15.81,Leche con azúcar
Yogurt bajo en grasa,,,75,75,83,2.7,0.8,16,0,0,0,0,0,0,99,0,0,36.6,5,0,0,0,0,33,5.28,Leche descremada
Queso ricotta,,,62,62,107,6.9,8,1.9,0,72,0,0,0.2,0,127.5,1,0,51.6,31.2,0,0,0,0,0,0,AOAAG
Huevo revuelto,,,60,60,100,6.7,7.3,1.3,0,84,0,0,0.7,0,42.6,1.5,0,168,211.5,0,0,0,0,0,0,AOAAG
Ostión ahumado,,,55,55,109,4.9,6.9,6.4,0,49.8,0,0,3.8,0,34.3,3.8,0,229.7,44.6,0,0,0,0,0,0,AOAAG
Ostión empanizado,,,55,55,109,4.9,6.9,6.4,0,49.8,0,0,3.8,0,34.3,3.8,0,229.7,44.6,0,0,0,0,0,0,AOAAG
Tripas de res,,,55,50,109,5.6,9.5,0,0,26.2,0,0,0.9,0,5.9,0,0,22.8,74.3,0,0,0,0,0,0,AOAAG
Cecina de res,,,50,50,98,7.3,7.4,0,0,0,0,0,0.8,0,3.5,1.4,0,602.4,42.6,0,0,0,0,0,0,AOAAG
Pata de carnero cocida,,,50,35,38,7.4,7.4,0,0,0,0,0,0.4,0,18.2,2.8,0,0,0,0,0,0,0,0,0,AOAAG
Pescuezo de pollo con piel sin hueso,,,50,32,95,4.5,8.4,0,0,20.8,0,0,0.6,0,5.8,0.5,0,20.5,31.7,0,0,0,0,0,0,AOAAG
Pollo rostizado,,,50,28,80,6.7,6.3,0,0,57.4,0,0,0.5,0,2.8,1.6,0,0,0,0,0,0,0,0,0,AOAAG
Salchicha vienna,,,48,48,110,5,9.3,1.2,0,0,0,0,0.4,0,4.8,0.9,0,465.1,41.8,0,0,0,0,0,0,AOAAG
Huevo estrellado,,,46,46,90,6.3,7,0.4,0,88.8,0,0,0.9,0,27.1,2.1,0,93.8,210.2,0,0,0,0,0,0,AOAAG
Huevo frito,,,46,46,90,6.3,7,0.4,0,88.8,0,0,0.9,0,27.1,2.1,0,93.8,210.2,0,0,0,0,0,0,AOAAG
Cordero,,,46,37,104,6.1,8.6,0,0,0,0,0,0.6,0,5.9,1.2,0,21.7,26.9,0,0,0,0,0,0,AOAAG
Ubre,,,45,45,105,6.9,8.4,0,0,0,0,0,1.2,0,31.5,0,0,0,0,0,0,0,0,0,0,AOAAG
Queso crema light,,,45,45,104,4.8,7.9,3.2,0,81.5,0,0,0.8,0,50.4,0.2,0,133.2,25.2,0,0,0,0,0,0,AOAAG
Costilla de carnero,,,45,36,105,5.6,9,0,0,0,0,0,0.8,0,1.8,2.1,0,27,25.6,0,0,0,0,0,0,AOAAG
Espaldilla,,,45,36,99,5.8,8.2,0,0,0.7,0,0,0.4,0,1.8,1.1,0,22.7,25.9,0,0,0,0,0,0,AOAAG
Espaldilla de cerdo,,,45,36,99,5.8,8.2,0,0,0.7,0,0,0.4,0,1.8,1.1,0,22.7,25.9,0,0,0,0,0,0,AOAAG
Espinazo,,,45,36,99,5.8,8.2,0,0,0.7,0,0,0.4,0,1.8,1.1,0,22.7,25.9,0,0,0,0,0,0,AOAAG
Espinazo de cerdo,,,45,36,99,5.8,8.2,0,0,0.7,0,0,0.4,0,1.8,1.1,0,22.7,25.9,0,0,0,0,0,0,AOAAG
Paloma,,,45,35,102,6.4,8.2,0,0,25.3,0,0,1.2,0,4.2,0.9,0,18.7,32.9,0,0,0,0,0,0,AOAAG
Lengua de res cocida,,,45,35,100,6.8,7.8,0,0,0,0,0,0.9,0,1.8,0.9,0,22.8,46.3,0,0,0,0,0,0,AOAAG
Pollo crispy,,,45,34,106,5.4,7.1,5.1,0,0,0,0,0.3,0,5.7,0.7,0,154.4,20,0,0,0,0,0,0,AOAAG
Nugget de queso,,,43,43,105,4.5,5.5,10,0,0,0,0,0.2,0,75.2,0.9,0,531.2,5,0,0,0,0,0,0,AOAAG
Queso suizo rallado,,,43,43,95,7.4,6.3,2.3,0,27.7,0,0,0,0,297.2,1.1,0,0,32.4,0,0,0,0,0,0,AOAAG
Palitos de pescado congelados,,,42,42,116,6.6,5.3,10.1,0,13.5,0,0,0.3,0,9,5.9,0,247.5,48,0,0,0,0,0,0,AOAAG
Salami de ternera,,,42,42,110,6.4,8.8,1.1,0,0,0,0,0.9,0,3.7,1,0,493,27.4,0,0,0,0,0,0,AOAAG
Queso amarillo,,,42,42,100,7,5.9,4.9,0,47.9,0,0,0.1,0,236,1.1,0,564.9,15.1,0,0,0,0,0,0,AOAAG
Salchicha vienna ahumada,,,41,41,93,4.3,7.9,1.1,0,0,0,0,0.4,0,4.1,0.7,0,392.4,35.2,0,0,0,0,0,0,AOAAG
Tofu frito,,,40,40,108,6.8,8,4.3,0,0,0,0,0,0,0,0,0,0,0,0,0,0,0,0,0,AOAAG
Carne molida regular,,,40,40,107,7.2,8.5,0,0,4.8,0,0,1.1,0,4,0.9,0,26,29.6,0,0,0,0,0,0,AOAAG
Queso feta,,,40,40,106,5.7,8.5,1.6,0,50,0,0,0.3,0,197.2,0.9,0,451.4,35.7,0,0,0,0,0,0,AOAAG
Pastel de pollo,,,40,40,106,4,8.7,2.9,0,0,0,0,0.7,0,41.4,0.6,0,511.4,28.6,0,0,0,0,0,0,AOAAG
Pastel de ternera,,,40,40,106,4,8.7,2.9,0,0,0,0,0.7,0,41.4,0.6,0,511.4,28.6,0,0,0,0,0,0,AOAAG
Jamón del diablo,,,40,40,100,6.2,8.6,0,0,0,0,0,0.3,0,0,2.7,0,333.3,28.6,0,0,0,0,0,0,AOAAG
Carne obscura de pollo con piel,,,40,40,95,6.7,7.3,0,0,19.6,0,0,0.4,0,4.4,1.9,0,29.2,32.4,0,0,0,0,0,0,AOAAG
Carne de res semigrasosa,,,40,38,98,7,7.5,0,0,3.4,0,0,0.8,0,2.7,1.4,0,22.4,26.2,0,0,0,0,0,0,AOAAG
Molida de carnero,,,40,38,96,6.9,7.4,0,0,0,0,0,1,0,2.7,2.6,0,30.4,27,0,0,0,0,0,0,AOAAG
Chuleta de carnero,,,40,36,105,5.6,9,0,0,0,0,0,0.8,0,1.8,2.1,0,27,25.6,0,0,0,0,0,0,AOAAG
Molida popular de res,,,40,33,97,5.2,8.3,0,0,3.9,0,0,0.6,0,2.6,1,0,19.4,24.3,0,0,0,0,0,0,AOAAG
Carne molida popular de res,,,40,33,97,5.2,8.3,0,0,3.9,0,0,0.6,0,2.6,0.7,0,19.4,24.3,0,0,0,0,0,0,AOAAG
Costilla de res,,,40,29,112,4.5,10.3,0,0,0,0,0,0.5,0,2.3,0.7,0,15.2,21.6,0,0,0,0,0,0,AOAAG
Cerdo en canal,,,40,28,111,3.8,10.6,0,0,0.6,0,0,0.2,0,1.4,1.1,0,12.3,20.7,0,0,0,0,0,0,AOAAG
Queso americano fundido,,,39,39,105,5.8,8.2,2.3,0,0,0,0,0,0,175,0.8,0,653.3,23.3,0,0,0,0,0,0,AOAAG
Queso camembert,,,35,35,106,7,8.6,0.1,0,88.8,0,0,0.1,0,137.5,1,0,298.8,25,0,0,0,0,0,0,AOAAG
Mozzarella fresco,,,35,35,105,7.8,7.8,0.8,0,60.9,0,0,0.2,0,176.8,1.3,0,219.5,27.5,0,0,0,0,0,0,AOAAG
Queso mozzarella,,,35,35,105,7.8,7.8,0.8,0,60.9,0,0,0.2,0,176.8,1.3,0,219.5,27.5,0,0,0,0,0,0,AOAAG
Queso mozzarella rallado,,,35,35,105,7.8,7.8,0.8,0,60.9,0,0,0.2,0,176.8,1.3,0,219.5,27.5,0,0,0,0,0,0,AOAAG
Carne molida regular cocida,,,35,35,100,8.1,7.3,0,0,0,0,0,0.8,0,3.5,1,0,21,30.5,0,0,0,0,0,0,AOAAG
Queso velveta,,,35,35,100,6.3,7.5,3.8,0,0,0,0,0,0,187.5,0.9,0,525,25,0,0,0,0,0,0,AOAAG
Velveta,,,35,35,100,6.3,7.5,3.8,0,0,0,0,0,0,187.5,0,0,525,25,0,0,0,0,0,0,AOAAG
Queso de cabra con ceniza,,,35,35,94,6.6,7.4,0.3,0,100,0,0,0.7,0,49,0.3,0,130,16.3,0,0,0,0,0,0,AOAAG
Queso de cabra suave,,,35,35,94,6.6,7.4,0.3,0,100,0,0,0.7,0,49,0.3,0,130,16.3,0,0,0,0,0,0,AOAAG
Maciza de cerdo,,,35,35,92,5.9,7.4,0,0,0.7,0,0,0.3,0,4.9,1.5,0,19.6,25.2,0,0,0,0,0,0,AOAAG
Maciza de puerco,,,35,35,92,5.9,7.4,0,0,0.7,0,0,0.3,0,4.9,1.5,0,19.6,25.2,0,0,0,0,0,0,AOAAG
Queso neufchatel,,,35,35,91,3.5,8.2,1,0,101.2,0,0,0.1,0,26.3,0.1,0,139.7,26.6,0,0,0,0,0,0,AOAAG
T-bone con grasa cocido,,,35,32,96,7.4,7.2,0,0,0,0,0,1,0,2.2,0.9,0,21.1,20.5,0,0,0,0,0,0,AOAAG
Salchicha,,,34,34,114,6.6,9.6,0,0,4.1,0,0,0.5,0,4.4,0,0,252.8,28.4,0,0,0,0,0,0,AOAAG
Salchicha de puerco,,,34,34,114,6.6,9.6,0,0,4.1,0,0,0.5,0,4.4,0,0,252.8,28.4,0,0,0,0,0,0,AOAAG
Salchicha ahumada,,,34,34,109,4.1,9.8,0.8,0,3.7,0,0,0.3,0,4.1,0,0,309.7,19.7,0,0,0,0,0,0,AOAAG
Yema,,,34,34,108,5.4,9,1.2,0,126.1,0,0,0.9,0,43.9,3,0,16.3,419.6,0,0,0,0,0,0,AOAAG
Yema de huevo,,,34,34,108,5.4,9,1.2,0,126.1,0,0,0.9,0,43.9,3,0,16.3,419.6,0,0,0,0,0,0,AOAAG
Nugget de pollo,,,34,34,101,5.2,6.7,4.8,0,0,0,0,0.4,0,10.5,0.9,0,189.4,14.6,0,0,0,0,0,0,AOAAG
Salchicha de pollo,,,34,34,100,6.2,8.1,0,0,10.5,0,0,0.4,0,3.7,0.9,0,344.3,23.6,0,0,0,0,0,0,AOAAG
Nuget de soya,,,34,34,98,4.8,6.4,5.3,0,0,0,0,0.6,0,16,0,0,283.6,0.8,0,0,0,0,0,0,AOAAG
Leche Lala Desarrollo en polvo,,,33,33,150,5.9,5.9,18.3,0,0,0,0,0,0,200.6,0,0,96.6,0,0,0,0,0,31,5.673,Leche entera
Leche en polvo,,,32,32,159,8.4,8.5,12.3,0,90,0,0,0,0,292,0,0,119,31,0,0,0,0,31,3.813,Leche entera
Leche entera en polvo,,,32,32,159,8.4,8.5,12.3,0,90,0,0,0,0,292,0,0,119,31,0,0,0,0,31,3.813,Leche entera
Leche entera en polvo adicionada,,,32,32,159,8.4,8.5,12.3,0,90,0,0,0,0,292,0,0,119,31,0,0,0,0,31,3.813,Leche entera
Queso pasteurizado suizo,,,32,32,105,7.8,7.9,0.7,0,60.5,0,0,0.2,0,243.2,1.1,0,431.6,26.8,0,0,0,0,0,0,AOAAG
Pastel de pavo,,,32,32,105,3.9,9.6,0.6,0,0,0,0,0.2,0,1.5,1.3,0,406.5,19.5,0,0,0,0,0,0,AOAAG
Pastel de puerco,,,32,32,105,3.9,9.6,0.6,0,0,0,0,0.2,0,1.5,0.6,0,406.5,19.5,0,0,0,0,0,0,AOAAG
Mortadela,,,32,32,99,5.3,8,1.1,0,0,0,0,0.4,0,6.3,0,0,392.7,18.3,0,0,0,0,0,0,AOAAG
Jamón cocido,,,32,32,95,4.9,8.2,0.2,0,0,0,0,0.5,0,3,0.8,0,424.5,28,0,0,0,0,0,0,AOAAG
Jamón virginia,,,32,32,95,4.9,8.2,0.2,0,0,0,0,0.5,0,3,0.8,0,424.5,28,0,0,0,0,0,0,AOAAG
Jamón americano,,,32,32,95,4.9,8.2,0.2,0,0,0,0,0.4,0,3.2,0.8,0,391.2,28,0,0,0,0,0,0,AOAAG
Jamón horneado,,,32,32,95,4.9,8.2,0.2,0,0,0,0,0.4,0,3.2,0.8,0,391.2,28,0,0,0,0,0,0,AOAAG
Jamón ahumado,,,32,32,95,4.9,8.2,0.2,0,0,0,0,0.4,0,3,0.8,0,382.5,28,0,0,0,0,0,0,AOAAG
Leche descremada en polvo,,,30,30,109,10.8,0.2,15.6,0,2,0,0,0,0,377,0,0,161,6,0,0,0,0,31,4.836,Leche descremada
"Leche descremada en polvo, reducida en CA",,,30,30,107,10.8,0.1,15.8,0,1.1,0,0,0,0,84.6,0,0,692.1,1.1,0,0,0,0,27,4.266,Leche descremada
Queso edam,,,30,30,107,7.5,8.3,0.4,0,72.6,0,0,0.1,0,219.3,1.1,0,289.5,26.8,0,0,0,0,0,0,AOAAG
Queso gouda,,,30,30,107,7.5,8.2,0.7,0,49.2,0,0,0.1,0,210,1.1,0,245.7,34.3,0,0,0,0,0,0,AOAAG
Queso azul,,,30,30,106,6.4,8.6,0.7,0,69.6,0,0,0.1,0,160.7,0.9,0,242.3,22.5,0,0,0,0,0,0,AOAAG
Queso brie,,,30,30,102,6.3,8.4,0.1,0,55.7,0,0,0.2,0,55.7,0.9,0,190.7,30,0,0,0,0,0,0,AOAAG
Queso Oaxaca,,,30,30,95,7.7,6.6,0.9,0,0.8,0,0,1,0,140.7,1.1,0,0,25.8,0,0,0,0,0,0,AOAAG
Queso canasto,,,30,30,87,8.5,10,0.4,0,195,0,0,0.7,0,258,1.2,0,0,25.5,0,0,0,0,0,0,AOAAG
Queso cotija,,,30,30,87,8.5,10,0.4,0,195,0,0,0.7,0,258,1.2,0,0,25.5,0,0,0,0,0,0,AOAAG
Rib eye,,,30,30,82,5.3,6.6,0,0,0,0,0,0.6,0,3.9,0.9,0,16.8,20.4,0,0,0,0,0,0,AOAAG
Lengua de cerdo cocida,,,30,30,81,7.2,5.6,0,0,0,0,0,1.5,0,5.7,4.7,0,32.7,43.8,0,0,0,0,0,0,AOAAG
Queso añejo rallado,,,29,29,109,6.3,8.7,1.3,0,18.5,0,0,0.1,0,198.2,0.9,0,329.7,30.8,0,0,0,0,0,0,AOAAG
Salchicha de ternera,,,29,29,90,3.4,8.1,0.5,0,0,0,0,0.4,0,5.5,0.5,0,292.5,17.5,0,0,0,0,0,0,AOAAG
Queso cheddar rallado,,,28,28,114,7,9.4,0.4,0,85.5,0,0,0.2,0,203.8,1,0,175.3,29.8,0,0,0,0,0,0,AOAAG
Queso colby estilo Cheddar,,,28,28,110,6.7,9,0.7,0,74,0,0,0.2,0,192,0,0,169,27,0,0,0,0,0,0,AOAAG
Queso Cheshire,,,28,28,108,6.5,8.6,1.3,0,65,0,0,0.1,0,180,0,0,196,29,0,0,0,0,0,0,AOAAG
Queso suizo,,,28,28,106,7.5,7.8,1.5,0,59.9,0,0,0.1,0,221.5,1.4,0,53.8,26,0,0,0,0,0,0,AOAAG
Queso chihuahua rallado,,,28,28,106,6.1,8.5,1.6,0,18.2,0,0,0.1,0,183.9,0.9,0,176.6,29.7,0,0,0,0,0,0,AOAAG
Queso pasteurizado americano,,,28,28,105,6.2,8.7,0.4,0,69.2,0,0,0.1,0,172.5,0.9,0,400.4,26.3,0,0,0,0,0,0,AOAAG
Queso chihuahua fresco,,,28,28,105,6,8.4,1.6,0,18,0,0,0.1,0,182.3,0.9,0,175,29.4,0,0,0,0,0,0,AOAAG
Queso Muenster,,,28,28,103,6.6,8.4,0.3,0,83,0,0,0.1,0,201,0,0,176,27,0,0,0,0,0,0,AOAAG
Queso de cabra semi suave,,,28,28,102,6,8.4,0.7,0,114,0,0,0.5,0,83,0,0,144,22,0,0,0,0,0,0,AOAAG
Queso asadero,,,28,28,100,6.4,8,0.8,0,18,0,0,0.1,0,187,0.9,0,186,30,0,0,0,0,0,0,AOAAG
Queso port salut,,,28,28,99,6.7,7.9,0.2,0,87.6,0,0,0.1,0,182,1,0,149.5,34.4,0,0,0,0,0,0,AOAAG
Queso provolone,,,28,28,98,7.2,7.5,0.6,0,64.4,0,0,0.1,0,211.7,1,0,245.3,19.3,0,0,0,0,0,0,AOAAG
Queso Limburger,,,28,28,92,5.6,7.6,0.1,0,95,0,0,0,0,139,0,0,224,25,0,0,0,0,0,0,AOAAG
Queso mozzarella suave,,,28,28,89,6,6.9,0.7,0,53.8,0,0,0.1,0,163,1,0,116.2,25,0,0,0,0,0,0,AOAAG
Salami,,,27,27,104,6.3,8.1,1,0,0,0,0,0.4,0,2.2,1.6,0,542.7,27,0,0,0,0,0,0,AOAAG
Queso tipo americano,,,27,27,101,6,8.5,0.4,0,68.6,0,0,0,0,149.5,0,0,402.1,25.1,0,0,0,0,0,0,AOAAG
Jamón bajo en sodio,,,27,27,82,4.2,7,0.2,0,0,0,0,0.4,0,1.7,0.7,0,225.4,24,0,0,0,0,0,0,AOAAG
Queso gruyere,,,25,25,103,7.5,8.1,0.1,0,67,0,0,0,0,252.8,1.1,0,84,27.5,0,0,0,0,0,0,AOAAG
Queso manchego,,,25,25,102,6.1,8.1,1.2,0,0,0,0,0,0,0,0.9,0,0,0,0,0,0,0,0,0,AOAAG
Queso manchego rallado,,,25,25,102,6.1,8.1,1.2,0,0,0,0,0,0,0,0.9,0,0,0,0,0,0,0,0,0,AOAAG
Queso manchego rebanado,,,25,25,102,6.1,8.1,1.2,0,0,0,0,0,0,0,0.9,0,0,0,0,0,0,0,0,0,AOAAG
Queso fontina,,,25,25,97,6.4,7.8,0.4,0,64.5,0,0,0.1,0,137.5,0.9,0,200,29,0,0,0,0,0,0,AOAAG
Queso añejo,,,25,25,95,5.4,7.6,1.2,0,16.1,0,0,0.1,0,172.3,0.8,0,286.6,26.8,0,0,0,0,0,0,AOAAG
Queso menonita,,,25,25,95,5.4,7.5,1.4,0,16.1,0,0,0.1,0,165.2,0.8,0,156.3,26.8,0,0,0,0,0,0,AOAAG
Morcilla,,,25,25,95,3.7,8.6,0.3,0,0,0,0,1.6,0,1.5,0.6,0,170,30,0,0,0,0,0,0,AOAAG
Morcilla de arroz,,,25,25,95,3.7,8.6,0.3,0,0,0,0,1.6,0,1.5,0.6,0,170,30,0,0,0,0,0,0,AOAAG
Moronga,,,25,25,95,3.7,8.6,0.3,0,0,0,0,1.6,0,1.5,0.6,0,170,30,0,0,0,0,0,0,AOAAG
Queso brick,,,25,25,94,5.9,7.5,0.7,0,76.8,0,0,0.1,0,170.5,0.9,0,142,24.1,0,0,0,0,0,0,AOAAG
Queso chuhuahua,,,25,25,94,5.4,7.5,1.4,0,16.1,0,0,0.1,0,162.8,0.8,0,156.3,26.3,0,0,0,0,0,0,AOAAG
Queso Monterrey,,,25,25,93,6.1,7.6,0.2,0,48,0,0,0.2,0,186.5,0.9,0,134,22.3,0,0,0,0,0,0,AOAAG
Queso tipo roquefort,,,25,25,92,5.4,7.7,0.5,0,72.6,0,0,0.1,0,165.5,0.8,0,452.3,22.5,0,0,0,0,0,0,AOAAG
Queso roquefort,,,25,25,92,5.4,7.7,0.5,0,72.5,0,0,0.1,0,165.5,0.8,0,452.3,22.5,0,0,0,0,0,0,AOAAG
Pulpa de res,,,25,25,87,6.8,6.5,0,0,0,0,0,0.8,0,3.3,1.3,0,16.3,26,0,0,0,0,0,0,AOAAG
Añejo tipo cotija,,,24,24,70,6.8,8,0.3,0,156,0,0,0.6,0,206.4,1,0,0,20.4,0,0,0,0,0,0,AOAAG
Queso romano,,,23,23,89,7.3,6.2,0.8,0,20.7,0,0,0.2,0,244.7,3.3,0,276,23.8,0,0,0,0,0,0,AOAAG
Queso cheddar,,,21,21,85,5.2,7,0.3,0,63.6,0,0,0.1,0,151.5,0.7,0,130.3,22.1,0,0,0,0,0,0,AOAAG
Peperoni,,,20,20,99,4.5,8.8,0,0,0,0,0,0.3,0,4.4,1.6,0,330.6,21,0,0,0,0,0,0,AOAAG
Queso de cabra duro,,,20,20,91,6.2,7.2,0.4,0,96.4,0,0,0.4,0,181.4,0.3,0,70,21.4,0,0,0,0,0,0,AOAAG
Jumiles,,,20,20,89,6.4,6.8,0,0,0,0,0,2,0,15.6,0,0,0,0,0,0,0,0,0,0,AOAAG
Peperami,,,19,19,103,4,9.3,1,0,31.9,0,0,0.6,0,13.1,0,0,277.5,25.3,0,0,0,0,0,0,AOAAG
Yema de huevo en polvo,,,15,15,103,5.3,8.6,0.6,0,203.2,0,0,0.8,0,43.9,4.6,0,20.9,360.8,0,0,0,0,0,0,AOAAG
